order_item_id,order_id,product_id,quantity,unit_price,discount
1,1,75,4,40520.0,20.0
2,1,23,3,30218.35,5.0
3,1,29,4,4861.83,5.0
4,2,53,1,29550.3,5.0
5,2,86,3,19658.07,15.0
6,3,16,3,20180.87,0.0
7,4,49,3,6186.77,5.0
8,5,24,2,61484.98,0.0
9,6,38,1,45556.45,5.0
10,7,4,4,13786.06,0.0
11,7,63,1,17704.09,5.0
12,7,62,3,49282.11,20.0
13,8,99,4,9112.95,20.0
14,8,57,2,28954.69,20.0
15,8,6,1,23477.27,20.0
16,8,41,4,7195.64,5.0
17,9,80,1,49525.87,5.0
18,9,17,3,51126.99,15.0
19,9,31,3,41426.86,0.0
20,10,92,2,51582.74,0.0
21,11,1,2,61223.09,15.0
22,11,35,2,40574.09,5.0
23,12,32,4,47773.55,10.0
24,12,59,4,2005.93,5.0
25,12,23,3,30218.35,15.0
26,13,22,2,17067.94,15.0
27,13,53,3,29550.3,0.0
28,14,5,4,55145.14,15.0
29,14,65,4,25655.99,10.0
30,14,44,1,49431.27,5.0
31,14,66,3,2891.58,10.0
32,15,21,4,20716.8,15.0
33,16,7,2,35676.25,15.0
34,16,20,4,8509.0,10.0
35,16,86,3,19658.07,20.0
36,16,29,2,4861.83,20.0
37,17,63,2,17704.09,15.0
38,17,47,4,23051.77,10.0
39,17,87,2,9968.06,5.0
40,18,52,4,11464.42,20.0
41,18,3,1,4965.67,0.0
42,18,59,4,2005.93,10.0
43,19,24,2,61484.98,20.0
44,19,61,4,32317.12,0.0
45,20,95,1,7395.63,0.0
46,20,77,1,15588.88,5.0
47,20,87,3,9968.06,5.0
48,21,25,3,24414.21,5.0
49,21,16,4,20180.87,20.0
50,22,63,2,17704.09,10.0
51,22,81,4,46748.32,0.0
52,22,98,3,8416.8,20.0
53,22,16,3,20180.87,5.0
54,23,55,3,26946.51,10.0
55,24,50,4,15587.26,5.0
56,24,56,2,51601.9,0.0
57,24,6,1,23477.27,20.0
58,24,59,2,2005.93,10.0
59,25,36,2,29220.56,5.0
60,25,39,2,60636.43,5.0
61,25,61,1,32317.12,10.0
62,25,5,4,55145.14,10.0
63,26,23,2,30218.35,0.0
64,26,97,1,48283.78,5.0
65,26,61,4,32317.12,15.0
66,27,58,4,33801.25,20.0
67,27,17,1,51126.99,10.0
68,27,44,3,49431.27,15.0
69,27,41,4,7195.64,10.0
70,28,83,1,26329.7,15.0
71,28,92,4,51582.74,5.0
72,28,30,2,29540.77,5.0
73,29,100,1,47242.23,10.0
74,30,69,4,9404.11,15.0
75,31,87,4,9968.06,5.0
76,31,97,3,48283.78,0.0
77,31,82,4,60550.55,15.0
78,32,22,4,17067.94,5.0
79,32,81,3,46748.32,10.0
80,32,46,3,39469.51,20.0
81,33,18,4,39067.76,15.0
82,33,43,2,19550.36,20.0
83,34,12,1,18914.62,20.0
84,35,61,4,32317.12,15.0
85,36,70,1,1424.63,10.0
86,36,6,2,23477.27,10.0
87,36,40,4,48648.82,10.0
88,36,51,3,9186.86,0.0
89,37,44,3,49431.27,20.0
90,37,13,1,10699.88,5.0
91,37,22,4,17067.94,0.0
92,38,22,4,17067.94,10.0
93,38,48,3,55719.32,0.0
94,38,33,1,29766.53,0.0
95,39,72,3,3049.09,5.0
96,39,34,3,1627.35,20.0
97,39,23,2,30218.35,5.0
98,39,84,2,48821.23,20.0
99,40,90,4,9479.51,10.0
100,41,28,1,51188.01,0.0
101,41,77,4,15588.88,10.0
102,41,88,3,9404.09,5.0
103,42,7,2,35676.25,0.0
104,43,33,2,29766.53,10.0
105,43,53,1,29550.3,5.0
106,44,48,3,55719.32,15.0
107,44,51,2,9186.86,15.0
108,44,94,3,21142.54,5.0
109,44,97,2,48283.78,15.0
110,45,13,4,10699.88,5.0
111,46,71,4,48097.15,0.0
112,46,83,3,26329.7,0.0
113,46,63,4,17704.09,0.0
114,47,20,3,8509.0,0.0
115,48,51,4,9186.86,10.0
116,49,56,3,51601.9,0.0
117,49,66,1,2891.58,15.0
118,50,6,2,23477.27,0.0
119,50,13,3,10699.88,10.0
120,51,89,3,8490.11,15.0
121,51,32,1,47773.55,15.0
122,52,68,1,50546.01,20.0
123,52,17,3,51126.99,10.0
124,52,12,2,18914.62,5.0
125,53,21,3,20716.8,0.0
126,53,74,4,14704.14,0.0
127,53,55,2,26946.51,10.0
128,54,65,4,25655.99,0.0
129,54,17,2,51126.99,20.0
130,55,8,3,22821.11,0.0
131,56,44,2,49431.27,10.0
132,56,86,3,19658.07,10.0
133,56,25,1,24414.21,5.0
134,56,15,3,38780.21,0.0
135,57,8,2,22821.11,0.0
136,57,29,2,4861.83,10.0
137,58,100,4,47242.23,0.0
138,58,10,1,36772.23,0.0
139,58,11,2,14798.13,0.0
140,58,43,1,19550.36,5.0
141,59,21,4,20716.8,15.0
142,59,91,3,19216.8,15.0
143,59,78,3,27415.0,0.0
144,59,2,2,37058.41,0.0
145,60,64,4,47322.35,5.0
146,60,57,1,28954.69,5.0
147,60,43,4,19550.36,5.0
148,61,5,3,55145.14,0.0
149,61,45,3,13140.29,20.0
150,61,85,1,29027.72,10.0
151,61,65,3,25655.99,0.0
152,62,26,2,44612.14,15.0
153,62,4,3,13786.06,20.0
154,63,42,4,17365.38,15.0
155,63,59,2,2005.93,10.0
156,63,83,2,26329.7,0.0
157,63,35,4,40574.09,20.0
158,64,36,1,29220.56,20.0
159,64,74,1,14704.14,10.0
160,64,5,2,55145.14,20.0
161,64,26,3,44612.14,20.0
162,65,86,4,19658.07,15.0
163,65,81,4,46748.32,10.0
164,65,85,4,29027.72,15.0
165,66,18,2,39067.76,5.0
166,66,57,4,28954.69,20.0
167,66,74,1,14704.14,5.0
168,67,20,4,8509.0,5.0
169,67,12,3,18914.62,15.0
170,67,77,3,15588.88,5.0
171,67,18,3,39067.76,10.0
172,68,85,4,29027.72,10.0
173,68,39,2,60636.43,20.0
174,68,67,3,44330.85,5.0
175,69,84,3,48821.23,10.0
176,69,26,1,44612.14,15.0
177,70,17,1,51126.99,20.0
178,70,34,3,1627.35,5.0
179,70,52,4,11464.42,0.0
180,70,71,4,48097.15,5.0
181,71,100,4,47242.23,5.0
182,71,43,2,19550.36,15.0
183,72,40,1,48648.82,20.0
184,72,34,1,1627.35,10.0
185,72,14,4,18638.1,5.0
186,73,9,4,6781.71,20.0
187,73,80,2,49525.87,0.0
188,74,54,4,14466.19,15.0
189,74,15,2,38780.21,20.0
190,75,35,2,40574.09,5.0
191,75,15,2,38780.21,0.0
192,75,43,2,19550.36,5.0
193,75,59,2,2005.93,15.0
194,76,69,2,9404.11,20.0
195,76,73,1,1218.25,5.0
196,77,33,4,29766.53,5.0
197,77,69,2,9404.11,0.0
198,77,5,3,55145.14,15.0
199,77,62,4,49282.11,15.0
200,78,67,4,44330.85,5.0
201,79,91,3,19216.8,15.0
202,79,42,3,17365.38,15.0
203,80,29,3,4861.83,5.0
204,80,63,2,17704.09,20.0
205,80,88,2,9404.09,15.0
206,80,92,1,51582.74,0.0
207,81,14,1,18638.1,10.0
208,81,90,2,9479.51,15.0
209,81,78,1,27415.0,20.0
210,81,49,1,6186.77,5.0
211,82,49,3,6186.77,10.0
212,82,15,1,38780.21,15.0
213,82,100,3,47242.23,15.0
214,83,26,1,44612.14,5.0
215,83,74,3,14704.14,20.0
216,84,22,4,17067.94,15.0
217,85,19,3,5338.31,0.0
218,85,94,1,21142.54,0.0
219,85,28,2,51188.01,10.0
220,85,76,2,22659.67,20.0
221,86,57,2,28954.69,5.0
222,87,46,2,39469.51,5.0
223,87,95,2,7395.63,5.0
224,87,12,2,18914.62,15.0
225,87,1,1,61223.09,0.0
226,88,21,3,20716.8,0.0
227,88,67,1,44330.85,10.0
228,88,26,2,44612.14,15.0
229,89,16,3,20180.87,20.0
230,89,35,4,40574.09,5.0
231,89,17,1,51126.99,15.0
232,90,33,2,29766.53,10.0
233,90,59,2,2005.93,0.0
234,90,19,1,5338.31,20.0
235,91,5,4,55145.14,5.0
236,91,15,4,38780.21,10.0
237,92,1,4,61223.09,20.0
238,92,3,2,4965.67,20.0
239,92,77,3,15588.88,20.0
240,92,93,1,35451.03,15.0
241,93,36,1,29220.56,10.0
242,94,32,3,47773.55,20.0
243,94,37,2,4157.84,5.0
244,94,64,1,47322.35,20.0
245,94,43,4,19550.36,0.0
246,95,13,2,10699.88,20.0
247,96,82,1,60550.55,15.0
248,97,48,1,55719.32,20.0
249,97,96,2,36347.49,5.0
250,98,66,1,2891.58,10.0
251,98,45,3,13140.29,15.0
252,98,53,4,29550.3,0.0
253,99,53,2,29550.3,0.0
254,99,61,1,32317.12,0.0
255,99,18,3,39067.76,15.0
256,99,91,3,19216.8,0.0
257,100,11,4,14798.13,15.0
258,101,6,1,23477.27,15.0
259,101,32,2,47773.55,0.0
260,102,38,3,45556.45,20.0
261,102,51,4,9186.86,5.0
262,102,66,4,2891.58,15.0
263,102,10,1,36772.23,0.0
264,103,21,4,20716.8,0.0
265,103,53,1,29550.3,0.0
266,103,10,2,36772.23,5.0
267,103,45,4,13140.29,5.0
268,104,89,2,8490.11,20.0
269,105,86,3,19658.07,5.0
270,105,15,4,38780.21,15.0
271,105,63,4,17704.09,5.0
272,105,81,4,46748.32,5.0
273,106,36,4,29220.56,20.0
274,106,86,2,19658.07,5.0
275,107,3,3,4965.67,5.0
276,108,62,2,49282.11,20.0
277,108,51,3,9186.86,5.0
278,108,63,1,17704.09,0.0
279,108,17,2,51126.99,10.0
280,109,46,1,39469.51,10.0
281,109,59,3,2005.93,5.0
282,109,16,2,20180.87,0.0
283,109,77,1,15588.88,20.0
284,110,20,3,8509.0,10.0
285,110,18,3,39067.76,10.0
286,110,48,2,55719.32,5.0
287,111,43,2,19550.36,15.0
288,112,29,4,4861.83,20.0
289,113,30,3,29540.77,5.0
290,113,14,2,18638.1,20.0
291,113,20,4,8509.0,10.0
292,113,100,4,47242.23,5.0
293,114,84,2,48821.23,5.0
294,114,38,1,45556.45,15.0
295,115,75,1,40520.0,20.0
296,115,37,3,4157.84,10.0
297,116,60,2,6814.56,10.0
298,117,56,3,51601.9,5.0
299,118,98,3,8416.8,15.0
300,119,89,2,8490.11,5.0
301,119,66,3,2891.58,0.0
302,119,46,1,39469.51,15.0
303,119,14,2,18638.1,20.0
304,120,55,2,26946.51,20.0
305,120,35,2,40574.09,5.0
306,120,30,3,29540.77,0.0
307,120,33,2,29766.53,0.0
308,121,75,3,40520.0,0.0
309,121,91,3,19216.8,20.0
310,121,62,1,49282.11,0.0
311,121,25,4,24414.21,0.0
312,122,35,1,40574.09,0.0
313,122,50,1,15587.26,20.0
314,122,87,3,9968.06,15.0
315,123,86,3,19658.07,15.0
316,124,55,3,26946.51,5.0
317,124,70,4,1424.63,15.0
318,125,96,1,36347.49,5.0
319,125,45,3,13140.29,10.0
320,125,71,4,48097.15,15.0
321,126,43,2,19550.36,10.0
322,126,62,3,49282.11,0.0
323,127,24,1,61484.98,10.0
324,127,63,3,17704.09,10.0
325,127,56,4,51601.9,10.0
326,127,68,2,50546.01,0.0
327,128,89,3,8490.11,10.0
328,128,46,2,39469.51,10.0
329,129,6,2,23477.27,10.0
330,130,71,2,48097.15,15.0
331,130,43,4,19550.36,5.0
332,130,30,4,29540.77,15.0
333,131,88,1,9404.09,10.0
334,131,63,1,17704.09,20.0
335,132,64,3,47322.35,15.0
336,132,7,1,35676.25,15.0
337,132,59,4,2005.93,0.0
338,132,97,4,48283.78,15.0
339,133,73,1,1218.25,0.0
340,133,62,3,49282.11,5.0
341,134,43,3,19550.36,0.0
342,135,86,3,19658.07,5.0
343,135,8,1,22821.11,15.0
344,135,15,2,38780.21,0.0
345,135,41,1,7195.64,10.0
346,136,40,1,48648.82,15.0
347,137,38,4,45556.45,5.0
348,137,6,4,23477.27,10.0
349,137,77,4,15588.88,0.0
350,138,28,3,51188.01,10.0
351,138,19,1,5338.31,5.0
352,138,43,2,19550.36,5.0
353,138,99,4,9112.95,5.0
354,139,79,4,59063.2,15.0
355,139,80,3,49525.87,10.0
356,139,90,3,9479.51,0.0
357,140,13,1,10699.88,5.0
358,140,53,4,29550.3,15.0
359,141,25,4,24414.21,15.0
360,141,59,3,2005.93,20.0
361,141,36,3,29220.56,5.0
362,141,89,3,8490.11,10.0
363,142,52,3,11464.42,20.0
364,143,58,2,33801.25,5.0
365,143,98,4,8416.8,20.0
366,143,17,3,51126.99,5.0
367,144,86,4,19658.07,0.0
368,144,17,3,51126.99,0.0
369,144,58,4,33801.25,15.0
370,144,74,1,14704.14,20.0
371,145,9,1,6781.71,10.0
372,145,55,3,26946.51,20.0
373,146,75,1,40520.0,5.0
374,147,13,3,10699.88,20.0
375,148,84,1,48821.23,0.0
376,148,6,4,23477.27,0.0
377,148,59,4,2005.93,15.0
378,149,53,2,29550.3,20.0
379,149,9,4,6781.71,0.0
380,149,42,3,17365.38,15.0
381,150,56,4,51601.9,15.0
382,150,89,3,8490.11,0.0
383,150,76,2,22659.67,0.0
384,151,23,4,30218.35,0.0
385,151,100,3,47242.23,15.0
386,151,81,2,46748.32,0.0
387,152,7,4,35676.25,20.0
388,152,68,4,50546.01,20.0
389,153,98,1,8416.8,5.0
390,153,32,3,47773.55,20.0
391,153,64,1,47322.35,15.0
392,153,42,4,17365.38,20.0
393,154,16,1,20180.87,20.0
394,154,48,1,55719.32,5.0
395,154,91,1,19216.8,15.0
396,154,95,1,7395.63,15.0
397,155,37,1,4157.84,0.0
398,155,77,4,15588.88,20.0
399,155,31,2,41426.86,20.0
400,155,89,1,8490.11,20.0
401,156,4,4,13786.06,5.0
402,157,76,1,22659.67,0.0
403,157,34,2,1627.35,15.0
404,158,15,3,38780.21,10.0
405,159,2,3,37058.41,0.0
406,159,24,1,61484.98,20.0
407,160,74,4,14704.14,10.0
408,160,35,3,40574.09,10.0
409,161,35,4,40574.09,20.0
410,161,65,1,25655.99,20.0
411,161,62,4,49282.11,5.0
412,161,82,4,60550.55,10.0
413,162,37,3,4157.84,15.0
414,162,23,3,30218.35,10.0
415,163,88,2,9404.09,20.0
416,163,72,4,3049.09,20.0
417,164,47,1,23051.77,20.0
418,165,24,4,61484.98,20.0
419,165,9,4,6781.71,20.0
420,165,74,4,14704.14,10.0
421,166,12,4,18914.62,15.0
422,166,69,1,9404.11,15.0
423,166,34,3,1627.35,10.0
424,166,80,3,49525.87,20.0
425,167,57,4,28954.69,15.0
426,167,65,3,25655.99,15.0
427,167,40,3,48648.82,10.0
428,168,50,4,15587.26,20.0
429,168,34,2,1627.35,0.0
430,168,73,2,1218.25,15.0
431,169,50,2,15587.26,10.0
432,169,65,3,25655.99,15.0
433,169,77,1,15588.88,5.0
434,169,8,2,22821.11,5.0
435,170,32,3,47773.55,15.0
436,170,35,2,40574.09,20.0
437,171,12,2,18914.62,5.0
438,171,72,2,3049.09,0.0
439,172,73,2,1218.25,10.0
440,172,68,3,50546.01,15.0
441,173,89,4,8490.11,5.0
442,173,67,2,44330.85,15.0
443,174,54,4,14466.19,10.0
444,174,23,4,30218.35,10.0
445,174,10,1,36772.23,0.0
446,175,94,3,21142.54,5.0
447,175,38,3,45556.45,10.0
448,176,47,1,23051.77,20.0
449,177,87,4,9968.06,15.0
450,177,93,3,35451.03,20.0
451,177,22,4,17067.94,20.0
452,178,3,4,4965.67,5.0
453,179,5,4,55145.14,10.0
454,179,63,3,17704.09,10.0
455,180,94,2,21142.54,15.0
456,180,55,3,26946.51,0.0
457,181,64,4,47322.35,15.0
458,181,70,3,1424.63,5.0
459,182,82,1,60550.55,0.0
460,182,47,1,23051.77,0.0
461,183,29,2,4861.83,0.0
462,183,63,1,17704.09,0.0
463,183,56,1,51601.9,10.0
464,184,18,4,39067.76,5.0
465,184,44,1,49431.27,5.0
466,184,60,1,6814.56,5.0
467,185,78,2,27415.0,10.0
468,185,72,2,3049.09,0.0
469,186,48,3,55719.32,20.0
470,186,26,4,44612.14,0.0
471,187,97,4,48283.78,10.0
472,188,52,3,11464.42,0.0
473,188,54,3,14466.19,15.0
474,189,12,2,18914.62,10.0
475,189,15,4,38780.21,0.0
476,190,84,3,48821.23,0.0
477,191,78,2,27415.0,20.0
478,191,14,3,18638.1,15.0
479,191,80,1,49525.87,15.0
480,192,29,3,4861.83,0.0
481,192,76,3,22659.67,10.0
482,192,14,3,18638.1,5.0
483,193,26,4,44612.14,15.0
484,193,60,4,6814.56,20.0
485,193,56,1,51601.9,5.0
486,194,1,4,61223.09,5.0
487,194,70,2,1424.63,10.0
488,194,46,2,39469.51,0.0
489,195,81,1,46748.32,0.0
490,195,82,1,60550.55,20.0
491,195,73,3,1218.25,5.0
492,196,25,1,24414.21,5.0
493,196,10,3,36772.23,5.0
494,196,31,3,41426.86,15.0
495,196,59,4,2005.93,20.0
496,197,70,3,1424.63,10.0
497,198,81,1,46748.32,0.0
498,198,90,3,9479.51,15.0
499,198,37,3,4157.84,5.0
500,198,15,4,38780.21,15.0
501,199,51,3,9186.86,10.0
502,199,34,1,1627.35,15.0
503,199,46,4,39469.51,10.0
504,199,24,1,61484.98,0.0
505,200,32,4,47773.55,0.0
506,200,67,1,44330.85,0.0
507,201,16,1,20180.87,15.0
508,201,97,1,48283.78,5.0
509,201,49,2,6186.77,15.0
510,201,31,3,41426.86,15.0
511,202,100,3,47242.23,10.0
512,202,39,2,60636.43,20.0
513,203,97,3,48283.78,5.0
514,204,36,1,29220.56,15.0
515,204,75,4,40520.0,10.0
516,204,35,1,40574.09,10.0
517,205,62,3,49282.11,15.0
518,205,82,3,60550.55,5.0
519,206,5,4,55145.14,10.0
520,206,38,3,45556.45,0.0
521,206,40,2,48648.82,15.0
522,207,95,1,7395.63,5.0
523,207,47,4,23051.77,10.0
524,207,91,4,19216.8,20.0
525,208,87,2,9968.06,20.0
526,209,45,3,13140.29,0.0
527,209,12,3,18914.62,0.0
528,209,8,1,22821.11,10.0
529,210,65,1,25655.99,20.0
530,210,86,2,19658.07,15.0
531,210,98,4,8416.8,15.0
532,211,17,4,51126.99,0.0
533,211,55,2,26946.51,20.0
534,211,62,3,49282.11,15.0
535,211,1,3,61223.09,20.0
536,212,97,3,48283.78,0.0
537,212,52,3,11464.42,20.0
538,213,84,1,48821.23,20.0
539,214,72,2,3049.09,5.0
540,214,12,1,18914.62,10.0
541,214,15,2,38780.21,0.0
542,214,57,2,28954.69,0.0
543,215,37,3,4157.84,5.0
544,215,87,4,9968.06,10.0
545,215,97,2,48283.78,10.0
546,215,47,4,23051.77,0.0
547,216,79,4,59063.2,5.0
548,216,76,3,22659.67,0.0
549,216,81,2,46748.32,5.0
550,216,99,2,9112.95,10.0
551,217,55,4,26946.51,5.0
552,217,15,2,38780.21,0.0
553,217,43,2,19550.36,0.0
554,218,57,3,28954.69,15.0
555,218,65,4,25655.99,10.0
556,218,14,2,18638.1,0.0
557,218,24,4,61484.98,10.0
558,219,31,1,41426.86,5.0
559,219,33,3,29766.53,0.0
560,219,87,2,9968.06,20.0
561,219,94,1,21142.54,0.0
562,220,3,1,4965.67,20.0
563,220,2,1,37058.41,10.0
564,221,65,1,25655.99,20.0
565,221,62,1,49282.11,0.0
566,221,36,1,29220.56,0.0
567,222,58,3,33801.25,0.0
568,223,53,4,29550.3,5.0
569,223,80,1,49525.87,15.0
570,223,10,3,36772.23,0.0
571,223,68,1,50546.01,0.0
572,224,62,1,49282.11,15.0
573,225,98,3,8416.8,5.0
574,226,7,1,35676.25,15.0
575,226,6,2,23477.27,0.0
576,227,55,2,26946.51,20.0
577,227,20,3,8509.0,10.0
578,227,74,4,14704.14,20.0
579,228,98,1,8416.8,0.0
580,229,37,4,4157.84,15.0
581,230,39,1,60636.43,20.0
582,230,9,3,6781.71,10.0
583,230,52,1,11464.42,15.0
584,231,67,3,44330.85,20.0
585,231,39,2,60636.43,0.0
586,232,6,3,23477.27,5.0
587,233,69,1,9404.11,5.0
588,234,25,4,24414.21,10.0
589,234,51,1,9186.86,0.0
590,234,32,1,47773.55,5.0
591,234,7,2,35676.25,15.0
592,235,30,2,29540.77,5.0
593,235,72,4,3049.09,5.0
594,236,66,4,2891.58,0.0
595,236,95,1,7395.63,10.0
596,237,75,2,40520.0,15.0
597,237,19,2,5338.31,15.0
598,237,16,3,20180.87,15.0
599,238,74,3,14704.14,20.0
600,238,77,4,15588.88,15.0
601,239,20,4,8509.0,10.0
602,239,79,1,59063.2,0.0
603,239,72,3,3049.09,10.0
604,239,29,3,4861.83,0.0
605,240,1,1,61223.09,15.0
606,240,31,1,41426.86,10.0
607,241,34,3,1627.35,15.0
608,241,20,3,8509.0,10.0
609,241,57,4,28954.69,5.0
610,241,28,1,51188.01,15.0
611,242,43,4,19550.36,10.0
612,242,97,4,48283.78,10.0
613,242,40,1,48648.82,20.0
614,243,59,4,2005.93,10.0
615,243,70,1,1424.63,0.0
616,243,36,4,29220.56,10.0
617,244,81,3,46748.32,0.0
618,244,62,1,49282.11,15.0
619,245,72,1,3049.09,5.0
620,246,100,1,47242.23,0.0
621,246,78,4,27415.0,0.0
622,246,62,3,49282.11,10.0
623,247,42,4,17365.38,10.0
624,247,5,4,55145.14,20.0
625,247,11,1,14798.13,10.0
626,247,48,2,55719.32,10.0
627,248,50,2,15587.26,0.0
628,248,56,4,51601.9,15.0
629,249,8,4,22821.11,0.0
630,249,40,1,48648.82,20.0
631,250,75,3,40520.0,10.0
632,250,4,4,13786.06,5.0
633,250,49,2,6186.77,0.0
634,251,70,3,1424.63,10.0
635,251,53,2,29550.3,10.0
636,251,35,4,40574.09,5.0
637,252,5,3,55145.14,10.0
638,252,56,3,51601.9,0.0
639,253,31,2,41426.86,20.0
640,253,48,4,55719.32,10.0
641,253,23,4,30218.35,20.0
642,253,16,4,20180.87,5.0
643,254,10,3,36772.23,10.0
644,254,35,4,40574.09,15.0
645,255,84,2,48821.23,10.0
646,256,18,1,39067.76,0.0
647,256,3,3,4965.67,0.0
648,256,43,2,19550.36,20.0
649,256,63,3,17704.09,20.0
650,257,24,1,61484.98,20.0
651,257,62,1,49282.11,5.0
652,258,32,2,47773.55,20.0
653,258,43,3,19550.36,20.0
654,259,95,1,7395.63,20.0
655,259,64,2,47322.35,0.0
656,259,11,3,14798.13,0.0
657,259,81,2,46748.32,15.0
658,260,37,1,4157.84,20.0
659,260,84,2,48821.23,0.0
660,260,45,1,13140.29,0.0
661,261,7,1,35676.25,0.0
662,261,45,2,13140.29,15.0
663,261,62,3,49282.11,5.0
664,261,22,3,17067.94,15.0
665,262,75,2,40520.0,0.0
666,263,70,4,1424.63,5.0
667,263,77,2,15588.88,0.0
668,264,79,2,59063.2,5.0
669,264,20,2,8509.0,20.0
670,264,82,3,60550.55,15.0
671,264,56,4,51601.9,20.0
672,265,99,2,9112.95,20.0
673,265,93,4,35451.03,15.0
674,265,65,4,25655.99,5.0
675,265,89,2,8490.11,20.0
676,266,85,2,29027.72,15.0
677,266,20,4,8509.0,0.0
678,266,92,1,51582.74,15.0
679,266,50,2,15587.26,20.0
680,267,35,1,40574.09,15.0
681,268,32,1,47773.55,15.0
682,268,16,1,20180.87,10.0
683,268,84,1,48821.23,10.0
684,268,5,2,55145.14,15.0
685,269,63,3,17704.09,20.0
686,269,60,2,6814.56,0.0
687,269,99,3,9112.95,10.0
688,269,48,2,55719.32,0.0
689,270,27,2,4568.95,10.0
690,270,58,1,33801.25,20.0
691,270,83,2,26329.7,10.0
692,270,74,2,14704.14,10.0
693,271,38,2,45556.45,0.0
694,271,73,3,1218.25,15.0
695,271,27,3,4568.95,20.0
696,271,86,4,19658.07,20.0
697,272,89,2,8490.11,10.0
698,273,29,4,4861.83,20.0
699,273,88,2,9404.09,15.0
700,274,49,3,6186.77,20.0
701,274,74,1,14704.14,15.0
702,274,69,2,9404.11,10.0
703,275,27,1,4568.95,10.0
704,275,50,4,15587.26,10.0
705,275,35,3,40574.09,5.0
706,275,87,1,9968.06,15.0
707,276,43,3,19550.36,10.0
708,276,51,1,9186.86,5.0
709,276,13,2,10699.88,10.0
710,276,95,1,7395.63,15.0
711,277,28,2,51188.01,20.0
712,277,88,2,9404.09,15.0
713,278,28,2,51188.01,5.0
714,278,37,4,4157.84,10.0
715,278,21,3,20716.8,15.0
716,278,63,1,17704.09,20.0
717,279,66,3,2891.58,0.0
718,279,44,1,49431.27,20.0
719,280,28,2,51188.01,5.0
720,280,15,2,38780.21,0.0
721,280,13,3,10699.88,15.0
722,281,38,2,45556.45,15.0
723,281,20,2,8509.0,0.0
724,281,31,1,41426.86,10.0
725,281,14,3,18638.1,20.0
726,282,21,1,20716.8,0.0
727,282,31,1,41426.86,15.0
728,282,11,3,14798.13,20.0
729,282,16,1,20180.87,5.0
730,283,14,2,18638.1,0.0
731,283,65,2,25655.99,15.0
732,284,43,4,19550.36,0.0
733,284,95,1,7395.63,10.0
734,284,49,2,6186.77,5.0
735,285,88,3,9404.09,15.0
736,286,35,3,40574.09,10.0
737,287,41,4,7195.64,0.0
738,287,79,2,59063.2,0.0
739,287,66,1,2891.58,5.0
740,288,47,4,23051.77,0.0
741,289,32,3,47773.55,10.0
742,289,44,3,49431.27,5.0
743,289,59,1,2005.93,10.0
744,289,40,4,48648.82,5.0
745,290,83,3,26329.7,20.0
746,290,75,4,40520.0,20.0
747,290,57,4,28954.69,5.0
748,290,24,1,61484.98,0.0
749,291,70,3,1424.63,10.0
750,292,69,2,9404.11,15.0
751,293,30,1,29540.77,5.0
752,294,48,3,55719.32,10.0
753,294,44,1,49431.27,15.0
754,294,27,4,4568.95,10.0
755,294,28,1,51188.01,15.0
756,295,16,1,20180.87,10.0
757,295,22,2,17067.94,20.0
758,295,34,2,1627.35,5.0
759,295,74,4,14704.14,15.0
760,296,78,1,27415.0,15.0
761,296,94,4,21142.54,20.0
762,296,87,3,9968.06,10.0
763,297,12,2,18914.62,10.0
764,297,1,2,61223.09,5.0
765,297,5,2,55145.14,5.0
766,298,75,4,40520.0,15.0
767,298,10,1,36772.23,20.0
768,298,47,3,23051.77,20.0
769,299,66,2,2891.58,5.0
770,299,2,3,37058.41,15.0
771,299,46,2,39469.51,20.0
772,299,25,3,24414.21,0.0
773,300,9,3,6781.71,10.0
774,300,84,2,48821.23,10.0
775,301,38,1,45556.45,10.0
776,302,33,3,29766.53,20.0
777,302,7,4,35676.25,15.0
778,302,90,1,9479.51,0.0
779,303,92,4,51582.74,15.0
780,303,25,1,24414.21,0.0
781,303,69,4,9404.11,0.0
782,303,5,1,55145.14,15.0
783,304,15,1,38780.21,10.0
784,305,90,2,9479.51,5.0
785,305,72,1,3049.09,20.0
786,305,66,1,2891.58,10.0
787,306,91,1,19216.8,5.0
788,306,5,1,55145.14,20.0
789,307,31,2,41426.86,0.0
790,308,52,1,11464.42,0.0
791,309,28,2,51188.01,15.0
792,309,43,4,19550.36,0.0
793,310,18,4,39067.76,10.0
794,310,44,1,49431.27,10.0
795,310,51,4,9186.86,15.0
796,311,19,1,5338.31,20.0
797,311,89,3,8490.11,10.0
798,312,7,1,35676.25,10.0
799,312,26,1,44612.14,15.0
800,312,85,4,29027.72,5.0
801,313,36,1,29220.56,20.0
802,313,86,4,19658.07,0.0
803,314,14,3,18638.1,20.0
804,314,16,3,20180.87,5.0
805,314,38,1,45556.45,10.0
806,314,44,2,49431.27,5.0
807,315,12,3,18914.62,20.0
808,316,43,4,19550.36,10.0
809,316,93,3,35451.03,15.0
810,316,70,4,1424.63,20.0
811,317,70,4,1424.63,15.0
812,317,4,2,13786.06,15.0
813,318,43,1,19550.36,10.0
814,318,23,4,30218.35,15.0
815,319,96,2,36347.49,20.0
816,319,2,4,37058.41,15.0
817,320,18,3,39067.76,5.0
818,320,74,3,14704.14,0.0
819,320,24,1,61484.98,20.0
820,321,84,2,48821.23,10.0
821,321,68,2,50546.01,20.0
822,321,51,4,9186.86,20.0
823,321,33,4,29766.53,5.0
824,322,88,3,9404.09,0.0
825,322,27,4,4568.95,0.0
826,322,41,4,7195.64,5.0
827,322,24,2,61484.98,0.0
828,323,8,3,22821.11,0.0
829,323,11,2,14798.13,0.0
830,323,72,2,3049.09,15.0
831,323,61,2,32317.12,5.0
832,324,17,1,51126.99,20.0
833,324,51,3,9186.86,0.0
834,325,41,4,7195.64,5.0
835,325,19,1,5338.31,5.0
836,326,34,1,1627.35,10.0
837,326,28,3,51188.01,0.0
838,326,80,1,49525.87,20.0
839,327,38,3,45556.45,15.0
840,327,58,3,33801.25,0.0
841,327,52,3,11464.42,20.0
842,327,63,3,17704.09,10.0
843,328,80,2,49525.87,5.0
844,329,13,2,10699.88,15.0
845,329,93,1,35451.03,5.0
846,330,82,3,60550.55,5.0
847,330,3,3,4965.67,15.0
848,330,71,1,48097.15,0.0
849,331,8,2,22821.11,0.0
850,332,89,3,8490.11,15.0
851,332,75,3,40520.0,10.0
852,332,17,2,51126.99,10.0
853,332,31,4,41426.86,5.0
854,333,60,4,6814.56,20.0
855,334,43,3,19550.36,20.0
856,334,78,2,27415.0,0.0
857,334,25,4,24414.21,20.0
858,335,71,1,48097.15,0.0
859,335,25,4,24414.21,20.0
860,335,99,1,9112.95,5.0
861,335,80,1,49525.87,5.0
862,336,50,1,15587.26,0.0
863,336,44,2,49431.27,10.0
864,336,48,4,55719.32,20.0
865,337,4,1,13786.06,20.0
866,337,46,2,39469.51,10.0
867,337,10,1,36772.23,20.0
868,338,36,4,29220.56,20.0
869,338,32,2,47773.55,10.0
870,338,22,2,17067.94,10.0
871,339,6,4,23477.27,20.0
872,339,77,2,15588.88,10.0
873,339,45,1,13140.29,5.0
874,340,34,3,1627.35,10.0
875,340,13,4,10699.88,5.0
876,340,48,2,55719.32,15.0
877,341,6,2,23477.27,10.0
878,341,97,4,48283.78,10.0
879,342,17,3,51126.99,15.0
880,342,44,2,49431.27,0.0
881,343,16,3,20180.87,20.0
882,344,31,3,41426.86,15.0
883,344,4,2,13786.06,20.0
884,344,8,3,22821.11,15.0
885,344,63,2,17704.09,10.0
886,345,40,2,48648.82,10.0
887,345,38,1,45556.45,5.0
888,345,39,2,60636.43,0.0
889,345,3,2,4965.67,5.0
890,346,76,1,22659.67,10.0
891,347,80,1,49525.87,15.0
892,347,55,2,26946.51,0.0
893,347,100,3,47242.23,20.0
894,348,2,4,37058.41,10.0
895,349,80,2,49525.87,5.0
896,350,14,2,18638.1,0.0
897,350,60,4,6814.56,0.0
898,351,37,4,4157.84,10.0
899,351,36,1,29220.56,15.0
900,351,10,1,36772.23,0.0
901,351,99,2,9112.95,5.0
902,352,78,3,27415.0,20.0
903,353,85,2,29027.72,15.0
904,353,44,2,49431.27,20.0
905,354,90,4,9479.51,0.0
906,354,41,2,7195.64,10.0
907,355,68,4,50546.01,15.0
908,355,90,1,9479.51,20.0
909,355,96,2,36347.49,10.0
910,356,27,1,4568.95,5.0
911,356,82,1,60550.55,10.0
912,357,6,4,23477.27,5.0
913,357,46,1,39469.51,10.0
914,357,90,1,9479.51,5.0
915,357,97,3,48283.78,15.0
916,358,7,3,35676.25,15.0
917,358,38,2,45556.45,0.0
918,359,9,3,6781.71,15.0
919,359,51,3,9186.86,15.0
920,359,65,1,25655.99,20.0
921,360,79,1,59063.2,15.0
922,360,38,3,45556.45,10.0
923,361,64,1,47322.35,10.0
924,362,20,4,8509.0,0.0
925,362,97,2,48283.78,10.0
926,362,76,2,22659.67,15.0
927,363,85,1,29027.72,20.0
928,363,49,2,6186.77,15.0
929,364,52,4,11464.42,0.0
930,364,69,3,9404.11,5.0
931,364,95,1,7395.63,5.0
932,364,9,1,6781.71,0.0
933,365,50,3,15587.26,0.0
934,365,40,1,48648.82,0.0
935,365,20,1,8509.0,20.0
936,366,66,2,2891.58,10.0
937,366,99,2,9112.95,0.0
938,367,74,3,14704.14,15.0
939,367,99,1,9112.95,15.0
940,367,37,4,4157.84,10.0
941,367,56,3,51601.9,15.0
942,368,26,4,44612.14,20.0
943,369,92,2,51582.74,0.0
944,369,40,1,48648.82,15.0
945,370,98,3,8416.8,15.0
946,370,90,3,9479.51,20.0
947,371,73,1,1218.25,5.0
948,372,79,3,59063.2,5.0
949,372,60,1,6814.56,10.0
950,373,20,4,8509.0,5.0
951,373,96,3,36347.49,15.0
952,373,39,2,60636.43,10.0
953,374,3,4,4965.67,5.0
954,374,14,1,18638.1,5.0
955,375,99,4,9112.95,20.0
956,375,12,2,18914.62,0.0
957,375,22,1,17067.94,5.0
958,376,31,2,41426.86,10.0
959,376,53,3,29550.3,0.0
960,377,65,3,25655.99,15.0
961,377,68,2,50546.01,10.0
962,378,13,1,10699.88,5.0
963,378,44,2,49431.27,10.0
964,379,89,4,8490.11,0.0
965,379,3,4,4965.67,15.0
966,379,73,2,1218.25,5.0
967,379,33,1,29766.53,20.0
968,380,73,3,1218.25,5.0
969,380,92,4,51582.74,15.0
970,380,96,2,36347.49,15.0
971,381,48,4,55719.32,0.0
972,381,62,4,49282.11,5.0
973,382,16,1,20180.87,0.0
974,383,90,2,9479.51,5.0
975,383,87,4,9968.06,10.0
976,383,58,3,33801.25,15.0
977,383,2,4,37058.41,5.0
978,384,48,3,55719.32,20.0
979,385,74,4,14704.14,20.0
980,385,84,3,48821.23,5.0
981,386,74,3,14704.14,15.0
982,386,24,2,61484.98,15.0
983,387,75,4,40520.0,20.0
984,388,34,3,1627.35,15.0
985,388,10,1,36772.23,15.0
986,388,65,3,25655.99,10.0
987,388,5,2,55145.14,10.0
988,389,17,3,51126.99,20.0
989,389,33,1,29766.53,5.0
990,389,23,1,30218.35,20.0
991,390,24,2,61484.98,15.0
992,390,42,3,17365.38,15.0
993,390,73,1,1218.25,15.0
994,391,91,4,19216.8,10.0
995,392,28,4,51188.01,10.0
996,392,87,3,9968.06,10.0
997,392,7,2,35676.25,10.0
998,393,38,4,45556.45,15.0
999,393,76,4,22659.67,20.0
1000,393,86,4,19658.07,10.0
1001,393,77,3,15588.88,20.0
1002,394,12,2,18914.62,15.0
1003,394,89,1,8490.11,10.0
1004,395,29,1,4861.83,5.0
1005,395,97,1,48283.78,20.0
1006,396,34,4,1627.35,10.0
1007,396,36,2,29220.56,5.0
1008,397,57,4,28954.69,0.0
1009,397,93,3,35451.03,10.0
1010,397,10,4,36772.23,10.0
1011,398,89,4,8490.11,20.0
1012,398,76,2,22659.67,10.0
1013,398,37,4,4157.84,0.0
1014,399,81,1,46748.32,15.0
1015,399,87,3,9968.06,20.0
1016,399,20,1,8509.0,20.0
1017,400,39,4,60636.43,15.0
1018,400,27,1,4568.95,10.0
1019,400,77,4,15588.88,0.0
1020,401,1,3,61223.09,0.0
1021,402,26,4,44612.14,15.0
1022,402,8,1,22821.11,20.0
1023,402,13,4,10699.88,15.0
1024,402,77,3,15588.88,5.0
1025,403,40,3,48648.82,10.0
1026,403,51,1,9186.86,10.0
1027,403,84,1,48821.23,20.0
1028,403,74,3,14704.14,10.0
1029,404,26,3,44612.14,0.0
1030,404,6,4,23477.27,20.0
1031,404,12,3,18914.62,0.0
1032,404,79,2,59063.2,15.0
1033,405,97,3,48283.78,0.0
1034,405,24,3,61484.98,0.0
1035,405,82,1,60550.55,10.0
1036,406,51,4,9186.86,10.0
1037,406,97,3,48283.78,0.0
1038,406,98,1,8416.8,10.0
1039,407,8,3,22821.11,15.0
1040,407,60,4,6814.56,20.0
1041,408,23,3,30218.35,0.0
1042,408,27,3,4568.95,15.0
1043,408,60,1,6814.56,0.0
1044,408,1,4,61223.09,15.0
1045,409,88,1,9404.09,15.0
1046,409,23,1,30218.35,0.0
1047,410,46,1,39469.51,20.0
1048,410,9,4,6781.71,20.0
1049,411,39,2,60636.43,5.0
1050,412,49,4,6186.77,20.0
1051,412,51,2,9186.86,5.0
1052,413,98,1,8416.8,5.0
1053,413,43,2,19550.36,20.0
1054,413,37,4,4157.84,0.0
1055,414,31,1,41426.86,5.0
1056,414,45,1,13140.29,0.0
1057,414,41,2,7195.64,5.0
1058,414,57,1,28954.69,20.0
1059,415,94,1,21142.54,15.0
1060,415,36,4,29220.56,5.0
1061,415,70,3,1424.63,5.0
1062,415,52,2,11464.42,10.0
1063,416,80,2,49525.87,10.0
1064,417,99,4,9112.95,20.0
1065,417,45,2,13140.29,20.0
1066,417,40,2,48648.82,15.0
1067,417,23,4,30218.35,5.0
1068,418,72,1,3049.09,0.0
1069,418,17,4,51126.99,5.0
1070,418,62,2,49282.11,10.0
1071,418,75,3,40520.0,10.0
1072,419,83,1,26329.7,5.0
1073,419,50,3,15587.26,10.0
1074,419,77,2,15588.88,5.0
1075,420,24,4,61484.98,0.0
1076,421,80,4,49525.87,5.0
1077,421,33,2,29766.53,0.0
1078,421,83,4,26329.7,15.0
1079,421,26,4,44612.14,10.0
1080,422,34,2,1627.35,0.0
1081,423,71,4,48097.15,20.0
1082,423,56,3,51601.9,20.0
1083,423,93,3,35451.03,5.0
1084,423,58,2,33801.25,15.0
1085,424,65,2,25655.99,20.0
1086,424,23,3,30218.35,20.0
1087,424,77,1,15588.88,5.0
1088,424,29,4,4861.83,20.0
1089,425,46,4,39469.51,10.0
1090,425,31,2,41426.86,15.0
1091,425,79,4,59063.2,0.0
1092,425,85,4,29027.72,10.0
1093,426,31,2,41426.86,15.0
1094,427,24,4,61484.98,0.0
1095,427,49,3,6186.77,10.0
1096,427,14,2,18638.1,15.0
1097,428,77,2,15588.88,0.0
1098,429,83,2,26329.7,15.0
1099,429,72,2,3049.09,15.0
1100,429,15,1,38780.21,10.0
1101,429,56,1,51601.9,15.0
1102,430,100,4,47242.23,10.0
1103,431,79,2,59063.2,0.0
1104,431,14,1,18638.1,0.0
1105,431,74,4,14704.14,10.0
1106,431,38,2,45556.45,10.0
1107,432,58,2,33801.25,15.0
1108,433,94,1,21142.54,10.0
1109,434,66,2,2891.58,10.0
1110,434,72,2,3049.09,0.0
1111,435,51,2,9186.86,10.0
1112,436,74,1,14704.14,15.0
1113,437,37,4,4157.84,20.0
1114,437,14,3,18638.1,5.0
1115,437,1,2,61223.09,5.0
1116,437,35,4,40574.09,10.0
1117,438,38,1,45556.45,0.0
1118,438,69,1,9404.11,10.0
1119,439,31,2,41426.86,10.0
1120,439,33,2,29766.53,5.0
1121,439,63,3,17704.09,10.0
1122,439,26,1,44612.14,10.0
1123,440,79,3,59063.2,0.0
1124,440,31,2,41426.86,20.0
1125,441,70,1,1424.63,5.0
1126,441,79,2,59063.2,5.0
1127,442,53,3,29550.3,10.0
1128,442,1,1,61223.09,0.0
1129,442,88,4,9404.09,0.0
1130,442,98,2,8416.8,15.0
1131,443,51,4,9186.86,15.0
1132,443,97,3,48283.78,20.0
1133,443,79,4,59063.2,0.0
1134,444,93,2,35451.03,5.0
1135,444,71,2,48097.15,0.0
1136,444,68,1,50546.01,10.0
1137,444,88,4,9404.09,0.0
1138,445,70,1,1424.63,5.0
1139,445,65,4,25655.99,0.0
1140,445,11,4,14798.13,20.0
1141,446,22,4,17067.94,15.0
1142,446,77,3,15588.88,15.0
1143,446,10,4,36772.23,5.0
1144,446,30,3,29540.77,15.0
1145,447,37,2,4157.84,15.0
1146,447,96,3,36347.49,20.0
1147,447,47,1,23051.77,10.0
1148,447,84,3,48821.23,20.0
1149,448,88,1,9404.09,0.0
1150,449,77,2,15588.88,20.0
1151,449,62,2,49282.11,15.0
1152,449,96,3,36347.49,10.0
1153,449,60,3,6814.56,0.0
1154,450,45,4,13140.29,15.0
1155,450,40,2,48648.82,0.0
1156,451,48,4,55719.32,10.0
1157,451,94,1,21142.54,0.0
1158,451,86,4,19658.07,5.0
1159,451,82,2,60550.55,15.0
1160,452,69,2,9404.11,20.0
1161,452,91,3,19216.8,20.0
1162,453,90,4,9479.51,15.0
1163,453,3,1,4965.67,15.0
1164,454,40,2,48648.82,15.0
1165,455,74,1,14704.14,0.0
1166,455,48,3,55719.32,0.0
1167,455,60,4,6814.56,0.0
1168,456,94,1,21142.54,20.0
1169,457,94,2,21142.54,10.0
1170,457,79,4,59063.2,0.0
1171,458,37,1,4157.84,5.0
1172,459,83,4,26329.7,0.0
1173,460,64,1,47322.35,0.0
1174,460,99,3,9112.95,20.0
1175,460,63,2,17704.09,15.0
1176,461,46,4,39469.51,15.0
1177,462,88,4,9404.09,10.0
1178,463,81,1,46748.32,0.0
1179,463,53,4,29550.3,15.0
1180,464,40,1,48648.82,10.0
1181,464,13,3,10699.88,15.0
1182,464,24,2,61484.98,5.0
1183,464,17,3,51126.99,0.0
1184,465,100,1,47242.23,0.0
1185,465,85,3,29027.72,0.0
1186,465,97,2,48283.78,5.0
1187,465,3,4,4965.67,20.0
1188,466,35,1,40574.09,5.0
1189,466,71,3,48097.15,10.0
1190,466,54,3,14466.19,5.0
1191,466,17,1,51126.99,20.0
1192,467,36,3,29220.56,5.0
1193,467,29,4,4861.83,20.0
1194,468,65,4,25655.99,10.0
1195,469,14,3,18638.1,20.0
1196,470,55,2,26946.51,5.0
1197,471,6,3,23477.27,10.0
1198,471,87,1,9968.06,5.0
1199,471,24,3,61484.98,10.0
1200,472,32,3,47773.55,0.0
1201,472,14,3,18638.1,20.0
1202,472,26,3,44612.14,10.0
1203,473,49,4,6186.77,5.0
1204,474,14,3,18638.1,10.0
1205,474,2,3,37058.41,15.0
1206,474,69,3,9404.11,20.0
1207,474,27,2,4568.95,20.0
1208,475,15,4,38780.21,0.0
1209,475,19,4,5338.31,15.0
1210,476,91,2,19216.8,5.0
1211,476,100,1,47242.23,20.0
1212,477,30,1,29540.77,0.0
1213,477,53,4,29550.3,20.0
1214,477,7,2,35676.25,10.0
1215,477,82,2,60550.55,5.0
1216,478,35,1,40574.09,0.0
1217,478,38,3,45556.45,0.0
1218,478,61,1,32317.12,15.0
1219,479,78,2,27415.0,0.0
1220,479,55,2,26946.51,5.0
1221,480,2,4,37058.41,20.0
1222,480,20,4,8509.0,20.0
1223,480,14,2,18638.1,5.0
1224,480,26,3,44612.14,5.0
1225,481,98,2,8416.8,5.0
1226,481,20,1,8509.0,5.0
1227,481,77,3,15588.88,10.0
1228,482,55,4,26946.51,0.0
1229,483,96,3,36347.49,10.0
1230,484,21,3,20716.8,0.0
1231,484,52,1,11464.42,10.0
1232,484,58,3,33801.25,15.0
1233,484,82,2,60550.55,20.0
1234,485,21,3,20716.8,10.0
1235,485,12,1,18914.62,0.0
1236,486,11,3,14798.13,0.0
1237,487,29,3,4861.83,10.0
1238,488,75,2,40520.0,0.0
1239,489,17,4,51126.99,20.0
1240,489,54,4,14466.19,20.0
1241,489,98,3,8416.8,15.0
1242,490,64,2,47322.35,10.0
1243,490,71,4,48097.15,0.0
1244,490,14,2,18638.1,5.0
1245,491,23,2,30218.35,20.0
1246,492,88,4,9404.09,15.0
1247,492,74,3,14704.14,0.0
1248,493,5,2,55145.14,5.0
1249,493,74,3,14704.14,10.0
1250,493,66,2,2891.58,10.0
1251,494,64,1,47322.35,15.0
1252,494,32,3,47773.55,20.0
1253,494,24,2,61484.98,10.0
1254,495,62,2,49282.11,15.0
1255,495,72,3,3049.09,10.0
1256,495,81,1,46748.32,10.0
1257,496,4,2,13786.06,0.0
1258,496,91,3,19216.8,5.0
1259,496,59,1,2005.93,0.0
1260,497,34,2,1627.35,5.0
1261,497,27,4,4568.95,10.0
1262,497,60,2,6814.56,5.0
1263,497,76,2,22659.67,10.0
1264,498,49,2,6186.77,5.0
1265,499,43,3,19550.36,10.0
1266,499,37,2,4157.84,20.0
1267,500,56,1,51601.9,15.0
1268,501,30,2,29540.77,5.0
1269,501,6,4,23477.27,0.0
1270,502,13,1,10699.88,20.0
1271,502,16,2,20180.87,20.0
1272,503,9,1,6781.71,20.0
1273,503,76,3,22659.67,15.0
1274,504,55,1,26946.51,10.0
1275,504,33,3,29766.53,15.0
1276,504,71,3,48097.15,0.0
1277,504,50,2,15587.26,10.0
1278,505,52,3,11464.42,15.0
1279,505,63,1,17704.09,10.0
1280,505,73,1,1218.25,15.0
1281,505,37,3,4157.84,10.0
1282,506,6,2,23477.27,15.0
1283,506,68,4,50546.01,10.0
1284,507,88,2,9404.09,15.0
1285,508,2,1,37058.41,10.0
1286,508,89,4,8490.11,0.0
1287,508,61,2,32317.12,0.0
1288,508,36,1,29220.56,5.0
1289,509,69,4,9404.11,0.0
1290,509,77,3,15588.88,0.0
1291,509,78,4,27415.0,0.0
1292,510,40,3,48648.82,0.0
1293,511,34,3,1627.35,10.0
1294,511,74,2,14704.14,20.0
1295,512,13,1,10699.88,5.0
1296,513,66,1,2891.58,15.0
1297,513,94,2,21142.54,20.0
1298,514,91,2,19216.8,10.0
1299,514,55,2,26946.51,0.0
1300,515,68,2,50546.01,20.0
1301,515,12,3,18914.62,15.0
1302,516,30,4,29540.77,20.0
1303,516,23,1,30218.35,5.0
1304,516,63,3,17704.09,5.0
1305,517,84,1,48821.23,5.0
1306,517,26,1,44612.14,0.0
1307,517,90,1,9479.51,10.0
1308,518,30,4,29540.77,20.0
1309,519,4,1,13786.06,15.0
1310,519,63,1,17704.09,20.0
1311,519,65,3,25655.99,0.0
1312,519,14,1,18638.1,5.0
1313,520,1,4,61223.09,20.0
1314,521,65,4,25655.99,5.0
1315,521,89,1,8490.11,5.0
1316,521,3,3,4965.67,20.0
1317,522,16,4,20180.87,5.0
1318,522,80,1,49525.87,0.0
1319,522,90,3,9479.51,20.0
1320,523,32,3,47773.55,20.0
1321,523,44,4,49431.27,20.0
1322,523,61,1,32317.12,20.0
1323,524,62,4,49282.11,20.0
1324,525,71,2,48097.15,10.0
1325,525,30,1,29540.77,20.0
1326,525,52,1,11464.42,20.0
1327,526,52,2,11464.42,10.0
1328,527,89,3,8490.11,15.0
1329,527,2,1,37058.41,0.0
1330,528,32,2,47773.55,15.0
1331,528,79,1,59063.2,15.0
1332,529,67,2,44330.85,10.0
1333,530,40,2,48648.82,5.0
1334,530,88,3,9404.09,15.0
1335,531,73,4,1218.25,20.0
1336,532,75,3,40520.0,0.0
1337,532,32,4,47773.55,10.0
1338,532,33,2,29766.53,0.0
1339,533,95,3,7395.63,20.0
1340,534,5,4,55145.14,20.0
1341,534,50,3,15587.26,10.0
1342,534,38,2,45556.45,0.0
1343,534,83,3,26329.7,0.0
1344,535,49,2,6186.77,5.0
1345,535,95,1,7395.63,0.0
1346,535,78,3,27415.0,20.0
1347,536,33,3,29766.53,15.0
1348,537,26,2,44612.14,5.0
1349,537,69,4,9404.11,5.0
1350,537,9,4,6781.71,15.0
1351,538,81,4,46748.32,0.0
1352,538,23,2,30218.35,5.0
1353,538,84,1,48821.23,15.0
1354,539,80,4,49525.87,15.0
1355,540,15,2,38780.21,10.0
1356,541,42,2,17365.38,0.0
1357,541,17,3,51126.99,10.0
1358,541,91,4,19216.8,15.0
1359,541,99,2,9112.95,5.0
1360,542,63,3,17704.09,20.0
1361,542,64,2,47322.35,0.0
1362,543,40,2,48648.82,5.0
1363,543,35,3,40574.09,20.0
1364,543,91,1,19216.8,20.0
1365,543,60,3,6814.56,20.0
1366,544,99,3,9112.95,10.0
1367,544,66,3,2891.58,20.0
1368,545,3,3,4965.67,5.0
1369,545,83,2,26329.7,5.0
1370,545,75,1,40520.0,0.0
1371,545,69,1,9404.11,10.0
1372,546,23,2,30218.35,10.0
1373,546,41,2,7195.64,5.0
1374,546,95,3,7395.63,20.0
1375,547,12,1,18914.62,10.0
1376,548,16,1,20180.87,10.0
1377,548,5,4,55145.14,10.0
1378,548,100,1,47242.23,0.0
1379,548,53,3,29550.3,10.0
1380,549,34,2,1627.35,15.0
1381,549,67,3,44330.85,10.0
1382,549,37,2,4157.84,5.0
1383,550,28,4,51188.01,0.0
1384,551,54,1,14466.19,20.0
1385,552,43,2,19550.36,0.0
1386,552,44,3,49431.27,5.0
1387,552,45,4,13140.29,20.0
1388,552,75,4,40520.0,5.0
1389,553,93,4,35451.03,15.0
1390,553,12,4,18914.62,10.0
1391,553,37,1,4157.84,5.0
1392,553,27,3,4568.95,5.0
1393,554,83,3,26329.7,5.0
1394,555,1,1,61223.09,10.0
1395,555,45,3,13140.29,10.0
1396,555,73,4,1218.25,10.0
1397,556,92,3,51582.74,10.0
1398,556,66,1,2891.58,10.0
1399,556,80,4,49525.87,15.0
1400,557,29,3,4861.83,20.0
1401,558,80,1,49525.87,20.0
1402,558,85,3,29027.72,20.0
1403,559,90,2,9479.51,5.0
1404,559,59,2,2005.93,10.0
1405,559,5,4,55145.14,5.0
1406,559,42,3,17365.38,20.0
1407,560,25,2,24414.21,0.0
1408,560,29,4,4861.83,15.0
1409,560,68,1,50546.01,5.0
1410,561,97,2,48283.78,0.0
1411,561,95,1,7395.63,0.0
1412,562,67,2,44330.85,5.0
1413,562,9,2,6781.71,20.0
1414,562,31,3,41426.86,5.0
1415,562,95,3,7395.63,15.0
1416,563,77,1,15588.88,5.0
1417,564,92,2,51582.74,5.0
1418,564,50,4,15587.26,20.0
1419,565,69,3,9404.11,10.0
1420,565,92,4,51582.74,5.0
1421,566,71,4,48097.15,0.0
1422,566,3,4,4965.67,10.0
1423,567,6,1,23477.27,5.0
1424,567,16,1,20180.87,5.0
1425,567,73,4,1218.25,0.0
1426,567,62,3,49282.11,20.0
1427,568,11,3,14798.13,15.0
1428,568,69,3,9404.11,5.0
1429,568,48,2,55719.32,20.0
1430,568,35,4,40574.09,0.0
1431,569,69,4,9404.11,10.0
1432,569,13,3,10699.88,5.0
1433,569,85,1,29027.72,10.0
1434,569,59,2,2005.93,15.0
1435,570,69,3,9404.11,15.0
1436,570,97,3,48283.78,10.0
1437,571,26,4,44612.14,15.0
1438,571,31,2,41426.86,0.0
1439,571,43,2,19550.36,20.0
1440,571,57,3,28954.69,0.0
1441,572,97,2,48283.78,15.0
1442,573,9,2,6781.71,15.0
1443,573,42,2,17365.38,5.0
1444,574,26,2,44612.14,15.0
1445,574,100,2,47242.23,5.0
1446,575,72,3,3049.09,0.0
1447,575,27,1,4568.95,5.0
1448,575,40,1,48648.82,10.0
1449,575,85,4,29027.72,5.0
1450,576,22,2,17067.94,10.0
1451,576,5,3,55145.14,20.0
1452,577,59,4,2005.93,10.0
1453,578,27,4,4568.95,15.0
1454,579,30,3,29540.77,20.0
1455,579,20,1,8509.0,15.0
1456,580,86,1,19658.07,15.0
1457,580,70,3,1424.63,10.0
1458,580,4,2,13786.06,0.0
1459,580,60,4,6814.56,0.0
1460,581,68,4,50546.01,5.0
1461,581,86,4,19658.07,0.0
1462,581,69,2,9404.11,10.0
1463,581,58,4,33801.25,0.0
1464,582,65,1,25655.99,15.0
1465,583,98,3,8416.8,20.0
1466,584,28,2,51188.01,0.0
1467,585,33,3,29766.53,15.0
1468,586,6,3,23477.27,5.0
1469,587,29,1,4861.83,10.0
1470,587,27,2,4568.95,20.0
1471,587,36,2,29220.56,0.0
1472,587,22,3,17067.94,0.0
1473,588,77,4,15588.88,20.0
1474,588,47,4,23051.77,5.0
1475,588,38,2,45556.45,5.0
1476,588,65,3,25655.99,15.0
1477,589,66,2,2891.58,15.0
1478,589,92,4,51582.74,20.0
1479,589,39,1,60636.43,10.0
1480,589,51,1,9186.86,5.0
1481,590,96,4,36347.49,20.0
1482,590,14,4,18638.1,20.0
1483,590,70,3,1424.63,20.0
1484,590,16,3,20180.87,0.0
1485,591,31,4,41426.86,20.0
1486,591,91,4,19216.8,10.0
1487,591,58,1,33801.25,20.0
1488,591,43,1,19550.36,0.0
1489,592,73,1,1218.25,0.0
1490,592,19,1,5338.31,15.0
1491,593,8,2,22821.11,15.0
1492,593,79,1,59063.2,5.0
1493,593,56,1,51601.9,5.0
1494,593,29,4,4861.83,5.0
1495,594,22,1,17067.94,15.0
1496,595,8,3,22821.11,10.0
1497,595,72,1,3049.09,5.0
1498,595,17,3,51126.99,20.0
1499,595,36,1,29220.56,10.0
1500,596,28,2,51188.01,20.0
1501,596,44,1,49431.27,0.0
1502,596,97,3,48283.78,20.0
1503,596,90,4,9479.51,15.0
1504,597,43,2,19550.36,0.0
1505,597,36,2,29220.56,20.0
1506,598,26,4,44612.14,15.0
1507,598,29,2,4861.83,0.0
1508,598,14,1,18638.1,20.0
1509,599,58,2,33801.25,0.0
1510,599,51,2,9186.86,15.0
1511,599,85,1,29027.72,0.0
1512,600,72,1,3049.09,15.0
1513,600,52,3,11464.42,20.0
1514,601,95,3,7395.63,5.0
1515,601,82,1,60550.55,20.0
1516,601,51,2,9186.86,20.0
1517,601,42,2,17365.38,20.0
1518,602,76,3,22659.67,20.0
1519,602,75,4,40520.0,15.0
1520,602,21,2,20716.8,20.0
1521,603,57,4,28954.69,20.0
1522,604,10,3,36772.23,0.0
1523,604,34,1,1627.35,5.0
1524,605,50,1,15587.26,5.0
1525,605,14,3,18638.1,20.0
1526,606,89,4,8490.11,15.0
1527,606,55,1,26946.51,15.0
1528,606,96,2,36347.49,10.0
1529,606,4,1,13786.06,20.0
1530,607,84,2,48821.23,20.0
1531,607,15,3,38780.21,15.0
1532,608,68,1,50546.01,5.0
1533,609,1,3,61223.09,5.0
1534,610,18,3,39067.76,15.0
1535,610,71,3,48097.15,0.0
1536,610,75,3,40520.0,5.0
1537,611,11,2,14798.13,5.0
1538,611,94,4,21142.54,10.0
1539,612,73,4,1218.25,10.0
1540,612,89,1,8490.11,10.0
1541,612,38,3,45556.45,5.0
1542,613,57,4,28954.69,5.0
1543,614,1,4,61223.09,10.0
1544,614,71,1,48097.15,10.0
1545,615,21,3,20716.8,20.0
1546,615,83,4,26329.7,10.0
1547,615,57,2,28954.69,20.0
1548,615,9,4,6781.71,5.0
1549,616,98,2,8416.8,15.0
1550,616,24,4,61484.98,5.0
1551,616,71,2,48097.15,15.0
1552,617,70,1,1424.63,10.0
1553,617,74,2,14704.14,5.0
1554,617,89,4,8490.11,15.0
1555,617,77,3,15588.88,20.0
1556,618,65,1,25655.99,5.0
1557,619,55,3,26946.51,15.0
1558,620,38,1,45556.45,0.0
1559,620,93,2,35451.03,10.0
1560,621,98,4,8416.8,5.0
1561,621,3,2,4965.67,10.0
1562,621,13,4,10699.88,20.0
1563,621,26,1,44612.14,10.0
1564,622,1,3,61223.09,5.0
1565,622,25,3,24414.21,15.0
1566,622,79,2,59063.2,0.0
1567,622,52,3,11464.42,10.0
1568,623,53,3,29550.3,10.0
1569,623,82,1,60550.55,0.0
1570,623,13,1,10699.88,5.0
1571,623,90,3,9479.51,0.0
1572,624,27,4,4568.95,20.0
1573,625,5,2,55145.14,0.0
1574,625,2,4,37058.41,10.0
1575,626,45,4,13140.29,0.0
1576,626,23,3,30218.35,0.0
1577,627,75,1,40520.0,15.0
1578,627,4,2,13786.06,0.0
1579,628,26,3,44612.14,5.0
1580,628,20,3,8509.0,5.0
1581,628,94,4,21142.54,20.0
1582,628,84,1,48821.23,15.0
1583,629,73,1,1218.25,5.0
1584,629,13,2,10699.88,15.0
1585,629,23,2,30218.35,5.0
1586,629,93,4,35451.03,10.0
1587,630,87,2,9968.06,10.0
1588,630,20,4,8509.0,15.0
1589,630,69,1,9404.11,15.0
1590,630,94,4,21142.54,10.0
1591,631,90,4,9479.51,5.0
1592,631,91,1,19216.8,10.0
1593,631,64,2,47322.35,10.0
1594,631,2,1,37058.41,0.0
1595,632,32,1,47773.55,5.0
1596,632,77,2,15588.88,5.0
1597,633,69,4,9404.11,15.0
1598,633,29,3,4861.83,10.0
1599,634,97,3,48283.78,10.0
1600,634,25,1,24414.21,10.0
1601,634,21,3,20716.8,10.0
1602,634,14,3,18638.1,20.0
1603,635,63,2,17704.09,20.0
1604,636,64,4,47322.35,5.0
1605,636,87,2,9968.06,5.0
1606,637,57,2,28954.69,5.0
1607,637,56,4,51601.9,5.0
1608,637,39,2,60636.43,15.0
1609,638,55,4,26946.51,20.0
1610,638,97,3,48283.78,15.0
1611,638,90,1,9479.51,10.0
1612,638,67,1,44330.85,10.0
1613,639,8,4,22821.11,20.0
1614,640,62,2,49282.11,5.0
1615,640,24,4,61484.98,5.0
1616,640,58,4,33801.25,15.0
1617,641,4,4,13786.06,5.0
1618,641,54,3,14466.19,10.0
1619,641,50,2,15587.26,15.0
1620,641,22,2,17067.94,20.0
1621,642,67,4,44330.85,20.0
1622,643,12,3,18914.62,20.0
1623,644,15,2,38780.21,10.0
1624,644,88,4,9404.09,5.0
1625,644,73,2,1218.25,0.0
1626,644,52,1,11464.42,20.0
1627,645,91,3,19216.8,5.0
1628,645,26,3,44612.14,5.0
1629,645,59,4,2005.93,15.0
1630,645,69,2,9404.11,20.0
1631,646,43,4,19550.36,15.0
1632,646,14,1,18638.1,5.0
1633,646,98,1,8416.8,0.0
1634,647,17,4,51126.99,20.0
1635,647,58,4,33801.25,5.0
1636,647,84,4,48821.23,15.0
1637,648,33,1,29766.53,5.0
1638,648,11,2,14798.13,0.0
1639,649,68,1,50546.01,5.0
1640,649,17,3,51126.99,5.0
1641,649,16,3,20180.87,20.0
1642,649,3,2,4965.67,15.0
1643,650,11,3,14798.13,15.0
1644,650,1,4,61223.09,5.0
1645,650,87,4,9968.06,0.0
1646,650,99,1,9112.95,20.0
1647,651,100,2,47242.23,5.0
1648,652,95,2,7395.63,0.0
1649,653,79,2,59063.2,5.0
1650,653,16,1,20180.87,0.0
1651,654,39,3,60636.43,20.0
1652,654,13,1,10699.88,15.0
1653,654,14,4,18638.1,5.0
1654,655,76,1,22659.67,10.0
1655,655,25,3,24414.21,5.0
1656,655,60,1,6814.56,0.0
1657,656,81,3,46748.32,20.0
1658,656,93,4,35451.03,0.0
1659,656,42,3,17365.38,15.0
1660,656,94,4,21142.54,5.0
1661,657,48,4,55719.32,5.0
1662,657,38,3,45556.45,5.0
1663,657,16,4,20180.87,10.0
1664,657,33,4,29766.53,15.0
1665,658,32,2,47773.55,5.0
1666,658,53,1,29550.3,10.0
1667,658,90,3,9479.51,0.0
1668,658,78,3,27415.0,0.0
1669,659,41,2,7195.64,20.0
1670,660,35,3,40574.09,5.0
1671,661,11,2,14798.13,15.0
1672,661,73,4,1218.25,10.0
1673,661,94,4,21142.54,15.0
1674,661,93,1,35451.03,5.0
1675,662,11,4,14798.13,5.0
1676,662,100,3,47242.23,10.0
1677,662,1,4,61223.09,15.0
1678,662,35,4,40574.09,0.0
1679,663,69,3,9404.11,5.0
1680,663,42,1,17365.38,20.0
1681,664,30,4,29540.77,5.0
1682,664,32,3,47773.55,10.0
1683,664,33,2,29766.53,20.0
1684,664,87,1,9968.06,20.0
1685,665,77,1,15588.88,10.0
1686,665,30,4,29540.77,0.0
1687,665,43,4,19550.36,20.0
1688,666,76,4,22659.67,15.0
1689,666,86,1,19658.07,10.0
1690,667,77,1,15588.88,15.0
1691,667,48,4,55719.32,0.0
1692,667,79,3,59063.2,10.0
1693,668,22,2,17067.94,15.0
1694,669,37,1,4157.84,10.0
1695,669,82,2,60550.55,15.0
1696,670,17,2,51126.99,15.0
1697,670,22,4,17067.94,5.0
1698,671,52,3,11464.42,0.0
1699,671,21,1,20716.8,0.0
1700,671,82,1,60550.55,0.0
1701,672,89,3,8490.11,0.0
1702,672,41,3,7195.64,10.0
1703,672,100,3,47242.23,15.0
1704,673,68,4,50546.01,0.0
1705,674,3,4,4965.67,0.0
1706,674,89,3,8490.11,20.0
1707,675,43,2,19550.36,10.0
1708,675,48,4,55719.32,20.0
1709,676,55,2,26946.51,10.0
1710,676,75,2,40520.0,10.0
1711,676,12,2,18914.62,5.0
1712,676,31,4,41426.86,10.0
1713,677,63,1,17704.09,15.0
1714,677,55,1,26946.51,20.0
1715,678,39,3,60636.43,10.0
1716,678,41,1,7195.64,10.0
1717,679,84,3,48821.23,0.0
1718,679,11,2,14798.13,5.0
1719,680,98,2,8416.8,10.0
1720,681,57,1,28954.69,10.0
1721,681,58,2,33801.25,10.0
1722,681,43,1,19550.36,15.0
1723,682,7,3,35676.25,10.0
1724,682,1,3,61223.09,15.0
1725,683,44,3,49431.27,10.0
1726,683,96,3,36347.49,20.0
1727,683,87,3,9968.06,20.0
1728,683,79,4,59063.2,20.0
1729,684,19,4,5338.31,20.0
1730,684,30,3,29540.77,15.0
1731,685,36,2,29220.56,0.0
1732,685,67,2,44330.85,20.0
1733,685,14,3,18638.1,20.0
1734,685,50,4,15587.26,20.0
1735,686,34,1,1627.35,0.0
1736,687,29,1,4861.83,20.0
1737,688,99,2,9112.95,10.0
1738,688,97,3,48283.78,15.0
1739,688,65,3,25655.99,5.0
1740,689,58,1,33801.25,0.0
1741,689,60,2,6814.56,20.0
1742,689,95,2,7395.63,15.0
1743,690,75,2,40520.0,20.0
1744,690,78,1,27415.0,0.0
1745,690,29,3,4861.83,15.0
1746,690,64,3,47322.35,5.0
1747,691,33,2,29766.53,10.0
1748,692,84,2,48821.23,0.0
1749,692,3,2,4965.67,15.0
1750,692,13,4,10699.88,20.0
1751,692,76,3,22659.67,0.0
1752,693,97,2,48283.78,20.0
1753,693,51,2,9186.86,20.0
1754,693,27,3,4568.95,15.0
1755,693,15,3,38780.21,10.0
1756,694,92,2,51582.74,15.0
1757,695,85,3,29027.72,10.0
1758,695,36,1,29220.56,5.0
1759,695,65,1,25655.99,10.0
1760,696,75,1,40520.0,20.0
1761,696,37,4,4157.84,10.0
1762,696,52,4,11464.42,0.0
1763,697,29,2,4861.83,5.0
1764,698,46,4,39469.51,20.0
1765,698,45,1,13140.29,0.0
1766,698,78,4,27415.0,0.0
1767,699,82,3,60550.55,20.0
1768,699,56,3,51601.9,20.0
1769,699,78,4,27415.0,0.0
1770,700,80,2,49525.87,5.0
1771,700,12,3,18914.62,20.0
1772,701,40,1,48648.82,0.0
1773,701,90,1,9479.51,20.0
1774,701,1,1,61223.09,10.0
1775,701,88,2,9404.09,0.0
1776,702,80,2,49525.87,15.0
1777,702,84,2,48821.23,5.0
1778,702,77,2,15588.88,10.0
1779,702,2,3,37058.41,5.0
1780,703,95,3,7395.63,20.0
1781,704,29,4,4861.83,10.0
1782,704,100,2,47242.23,20.0
1783,705,39,1,60636.43,0.0
1784,705,57,4,28954.69,10.0
1785,705,1,1,61223.09,0.0
1786,706,25,3,24414.21,20.0
1787,706,62,2,49282.11,10.0
1788,707,14,1,18638.1,20.0
1789,707,6,1,23477.27,15.0
1790,708,60,4,6814.56,0.0
1791,708,73,4,1218.25,20.0
1792,708,72,1,3049.09,15.0
1793,708,27,3,4568.95,5.0
1794,709,25,1,24414.21,0.0
1795,709,94,3,21142.54,0.0
1796,709,75,2,40520.0,5.0
1797,709,11,4,14798.13,20.0
1798,710,34,4,1627.35,15.0
1799,710,52,3,11464.42,15.0
1800,710,87,2,9968.06,15.0
1801,710,50,2,15587.26,15.0
1802,711,80,1,49525.87,15.0
1803,711,58,4,33801.25,0.0
1804,712,68,2,50546.01,5.0
1805,712,88,4,9404.09,20.0
1806,713,43,3,19550.36,10.0
1807,713,25,2,24414.21,5.0
1808,713,30,3,29540.77,20.0
1809,713,96,4,36347.49,10.0
1810,714,68,4,50546.01,20.0
1811,714,20,3,8509.0,10.0
1812,714,36,2,29220.56,20.0
1813,714,79,1,59063.2,10.0
1814,715,27,1,4568.95,0.0
1815,715,63,2,17704.09,10.0
1816,715,3,1,4965.67,5.0
1817,716,31,3,41426.86,20.0
1818,716,53,3,29550.3,5.0
1819,717,24,3,61484.98,10.0
1820,717,14,4,18638.1,15.0
1821,718,53,3,29550.3,0.0
1822,719,36,1,29220.56,0.0
1823,719,87,2,9968.06,15.0
1824,720,66,4,2891.58,10.0
1825,720,99,4,9112.95,0.0
1826,720,65,1,25655.99,5.0
1827,720,82,2,60550.55,20.0
1828,721,65,4,25655.99,5.0
1829,721,66,1,2891.58,15.0
1830,722,86,1,19658.07,15.0
1831,722,17,3,51126.99,15.0
1832,722,26,4,44612.14,0.0
1833,723,12,2,18914.62,15.0
1834,723,95,4,7395.63,0.0
1835,723,64,4,47322.35,15.0
1836,724,94,1,21142.54,15.0
1837,725,20,3,8509.0,15.0
1838,726,82,3,60550.55,20.0
1839,726,34,2,1627.35,10.0
1840,726,5,4,55145.14,20.0
1841,727,51,2,9186.86,10.0
1842,728,1,2,61223.09,0.0
1843,728,93,1,35451.03,10.0
1844,729,40,1,48648.82,0.0
1845,729,74,1,14704.14,5.0
1846,729,26,3,44612.14,20.0
1847,730,6,1,23477.27,5.0
1848,731,33,4,29766.53,5.0
1849,732,25,1,24414.21,15.0
1850,732,68,2,50546.01,5.0
1851,732,13,3,10699.88,20.0
1852,733,22,1,17067.94,0.0
1853,733,12,3,18914.62,10.0
1854,733,96,1,36347.49,10.0
1855,733,41,4,7195.64,10.0
1856,734,38,4,45556.45,20.0
1857,734,27,2,4568.95,20.0
1858,735,8,2,22821.11,10.0
1859,735,65,1,25655.99,20.0
1860,735,43,1,19550.36,0.0
1861,735,49,1,6186.77,5.0
1862,736,19,2,5338.31,15.0
1863,736,97,1,48283.78,15.0
1864,736,46,1,39469.51,15.0
1865,737,19,3,5338.31,15.0
1866,737,69,2,9404.11,20.0
1867,737,66,2,2891.58,5.0
1868,737,76,3,22659.67,0.0
1869,738,100,1,47242.23,0.0
1870,738,78,1,27415.0,20.0
1871,739,56,1,51601.9,15.0
1872,739,20,3,8509.0,10.0
1873,739,33,1,29766.53,0.0
1874,739,50,2,15587.26,5.0
1875,740,12,1,18914.62,10.0
1876,740,17,2,51126.99,5.0
1877,740,23,3,30218.35,5.0
1878,741,14,3,18638.1,0.0
1879,741,48,3,55719.32,0.0
1880,742,4,2,13786.06,0.0
1881,742,36,2,29220.56,15.0
1882,742,18,1,39067.76,15.0
1883,743,70,2,1424.63,0.0
1884,743,1,3,61223.09,0.0
1885,744,54,4,14466.19,0.0
1886,745,30,4,29540.77,15.0
1887,745,80,2,49525.87,15.0
1888,746,50,3,15587.26,5.0
1889,746,44,1,49431.27,0.0
1890,746,93,4,35451.03,5.0
1891,747,23,1,30218.35,10.0
1892,748,38,1,45556.45,5.0
1893,748,74,4,14704.14,10.0
1894,748,49,4,6186.77,5.0
1895,749,79,4,59063.2,15.0
1896,750,1,3,61223.09,0.0
1897,750,73,3,1218.25,15.0
1898,751,56,1,51601.9,15.0
1899,751,72,4,3049.09,10.0
1900,751,70,3,1424.63,15.0
1901,751,40,2,48648.82,10.0
1902,752,21,1,20716.8,5.0
1903,752,33,2,29766.53,0.0
1904,752,83,1,26329.7,5.0
1905,752,77,1,15588.88,0.0
1906,753,11,4,14798.13,5.0
1907,753,82,3,60550.55,10.0
1908,753,58,1,33801.25,15.0
1909,753,2,4,37058.41,20.0
1910,754,57,3,28954.69,0.0
1911,755,10,1,36772.23,15.0
1912,755,56,1,51601.9,0.0
1913,755,27,3,4568.95,10.0
1914,755,96,1,36347.49,15.0
1915,756,2,2,37058.41,10.0
1916,756,86,2,19658.07,0.0
1917,757,94,1,21142.54,5.0
1918,757,26,1,44612.14,15.0
1919,757,14,1,18638.1,15.0
1920,758,33,4,29766.53,20.0
1921,758,87,1,9968.06,20.0
1922,759,34,3,1627.35,15.0
1923,760,60,3,6814.56,15.0
1924,760,55,2,26946.51,0.0
1925,760,38,2,45556.45,10.0
1926,761,18,4,39067.76,5.0
1927,762,13,1,10699.88,10.0
1928,762,22,4,17067.94,0.0
1929,762,97,1,48283.78,15.0
1930,763,91,4,19216.8,20.0
1931,763,93,2,35451.03,20.0
1932,764,59,3,2005.93,20.0
1933,764,1,2,61223.09,5.0
1934,765,80,3,49525.87,20.0
1935,765,55,1,26946.51,5.0
1936,765,85,1,29027.72,10.0
1937,766,63,1,17704.09,15.0
1938,766,99,3,9112.95,20.0
1939,766,74,3,14704.14,0.0
1940,766,100,3,47242.23,20.0
1941,767,7,3,35676.25,10.0
1942,768,57,2,28954.69,0.0
1943,768,9,3,6781.71,15.0
1944,768,100,2,47242.23,15.0
1945,769,69,2,9404.11,0.0
1946,769,2,4,37058.41,10.0
1947,769,57,2,28954.69,15.0
1948,769,17,1,51126.99,10.0
1949,770,80,1,49525.87,20.0
1950,770,23,2,30218.35,5.0
1951,770,60,1,6814.56,0.0
1952,771,14,2,18638.1,10.0
1953,771,74,3,14704.14,0.0
1954,772,88,4,9404.09,5.0
1955,772,2,2,37058.41,5.0
1956,773,21,2,20716.8,10.0
1957,773,79,1,59063.2,0.0
1958,773,39,3,60636.43,10.0
1959,774,84,2,48821.23,10.0
1960,774,9,2,6781.71,15.0
1961,775,87,2,9968.06,0.0
1962,775,17,4,51126.99,5.0
1963,775,29,4,4861.83,20.0
1964,775,54,1,14466.19,15.0
1965,776,50,2,15587.26,20.0
1966,776,34,4,1627.35,15.0
1967,776,17,1,51126.99,0.0
1968,777,50,4,15587.26,0.0
1969,778,5,3,55145.14,0.0
1970,778,27,2,4568.95,15.0
1971,778,60,1,6814.56,15.0
1972,779,22,3,17067.94,0.0
1973,779,25,3,24414.21,5.0
1974,779,74,3,14704.14,5.0
1975,780,9,1,6781.71,15.0
1976,780,18,3,39067.76,5.0
1977,780,86,2,19658.07,20.0
1978,780,31,3,41426.86,5.0
1979,781,87,4,9968.06,5.0
1980,781,40,2,48648.82,10.0
1981,781,81,2,46748.32,15.0
1982,781,8,3,22821.11,10.0
1983,782,96,1,36347.49,20.0
1984,782,42,4,17365.38,15.0
1985,782,71,2,48097.15,10.0
1986,782,27,3,4568.95,15.0
1987,783,8,3,22821.11,10.0
1988,783,1,3,61223.09,10.0
1989,784,75,4,40520.0,5.0
1990,784,73,3,1218.25,5.0
1991,785,2,3,37058.41,20.0
1992,785,28,2,51188.01,20.0
1993,785,82,4,60550.55,5.0
1994,785,60,4,6814.56,0.0
1995,786,94,1,21142.54,0.0
1996,786,43,2,19550.36,0.0
1997,786,30,2,29540.77,15.0
1998,787,95,2,7395.63,10.0
1999,787,49,2,6186.77,0.0
2000,787,69,1,9404.11,5.0
2001,787,77,1,15588.88,10.0
2002,788,33,3,29766.53,10.0
2003,788,18,3,39067.76,5.0
2004,789,68,4,50546.01,15.0
2005,790,62,4,49282.11,5.0
2006,790,1,2,61223.09,15.0
2007,790,64,2,47322.35,10.0
2008,791,37,2,4157.84,5.0
2009,791,16,3,20180.87,20.0
2010,791,17,4,51126.99,10.0
2011,792,100,4,47242.23,20.0
2012,792,86,4,19658.07,0.0
2013,793,30,4,29540.77,0.0
2014,794,4,1,13786.06,20.0
2015,795,71,4,48097.15,10.0
2016,795,29,2,4861.83,15.0
2017,795,63,4,17704.09,20.0
2018,796,60,3,6814.56,5.0
2019,796,98,4,8416.8,20.0
2020,797,4,1,13786.06,5.0
2021,798,89,4,8490.11,0.0
2022,799,14,1,18638.1,20.0
2023,799,5,2,55145.14,10.0
2024,799,37,1,4157.84,20.0
2025,799,78,4,27415.0,15.0
2026,800,15,2,38780.21,0.0
2027,800,25,3,24414.21,0.0
2028,800,86,4,19658.07,15.0
2029,801,87,3,9968.06,10.0
2030,801,12,4,18914.62,15.0
2031,801,86,1,19658.07,20.0
2032,801,55,1,26946.51,5.0
2033,802,98,1,8416.8,20.0
2034,803,66,1,2891.58,5.0
2035,804,82,2,60550.55,20.0
2036,804,70,3,1424.63,20.0
2037,804,87,2,9968.06,10.0
2038,805,52,4,11464.42,0.0
2039,805,20,3,8509.0,0.0
2040,805,71,2,48097.15,5.0
2041,805,22,3,17067.94,20.0
2042,806,40,2,48648.82,10.0
2043,806,10,1,36772.23,5.0
2044,807,33,2,29766.53,0.0
2045,807,89,4,8490.11,0.0
2046,807,57,1,28954.69,0.0
2047,808,70,1,1424.63,0.0
2048,808,61,2,32317.12,5.0
2049,808,36,1,29220.56,10.0
2050,809,67,2,44330.85,0.0
2051,809,99,2,9112.95,10.0
2052,810,92,3,51582.74,15.0
2053,811,83,3,26329.7,15.0
2054,811,37,1,4157.84,20.0
2055,812,4,2,13786.06,20.0
2056,813,91,2,19216.8,0.0
2057,813,50,2,15587.26,15.0
2058,813,84,2,48821.23,5.0
2059,813,55,2,26946.51,10.0
2060,814,35,1,40574.09,5.0
2061,814,67,3,44330.85,15.0
2062,814,14,1,18638.1,15.0
2063,815,75,3,40520.0,0.0
2064,816,82,3,60550.55,0.0
2065,816,44,4,49431.27,5.0
2066,817,57,4,28954.69,0.0
2067,817,86,1,19658.07,0.0
2068,817,36,3,29220.56,5.0
2069,817,46,3,39469.51,20.0
2070,818,53,3,29550.3,10.0
2071,819,4,1,13786.06,5.0
2072,819,39,4,60636.43,10.0
2073,819,54,4,14466.19,10.0
2074,819,65,1,25655.99,5.0
2075,820,56,2,51601.9,20.0
2076,821,32,1,47773.55,10.0
2077,821,99,2,9112.95,15.0
2078,822,73,3,1218.25,10.0
2079,822,72,2,3049.09,20.0
2080,822,94,4,21142.54,5.0
2081,823,2,4,37058.41,10.0
2082,823,97,1,48283.78,10.0
2083,823,37,2,4157.84,20.0
2084,824,16,1,20180.87,10.0
2085,825,100,4,47242.23,20.0
2086,825,80,4,49525.87,5.0
2087,825,61,1,32317.12,20.0
2088,825,85,2,29027.72,20.0
2089,826,62,1,49282.11,15.0
2090,826,26,1,44612.14,0.0
2091,826,36,1,29220.56,15.0
2092,827,42,1,17365.38,10.0
2093,828,3,2,4965.67,15.0
2094,829,50,4,15587.26,15.0
2095,830,15,3,38780.21,5.0
2096,830,61,1,32317.12,15.0
2097,830,31,3,41426.86,0.0
2098,830,93,4,35451.03,15.0
2099,831,28,1,51188.01,5.0
2100,831,24,1,61484.98,0.0
2101,832,35,2,40574.09,5.0
2102,833,20,1,8509.0,20.0
2103,833,52,3,11464.42,10.0
2104,833,98,1,8416.8,0.0
2105,834,21,1,20716.8,5.0
2106,834,23,4,30218.35,20.0
2107,835,68,4,50546.01,10.0
2108,836,22,4,17067.94,15.0
2109,836,49,2,6186.77,0.0
2110,837,28,2,51188.01,0.0
2111,837,31,2,41426.86,0.0
2112,837,71,2,48097.15,20.0
2113,837,16,4,20180.87,20.0
2114,838,49,1,6186.77,10.0
2115,839,4,3,13786.06,0.0
2116,839,76,3,22659.67,10.0
2117,839,34,3,1627.35,20.0
2118,840,76,1,22659.67,20.0
2119,841,74,2,14704.14,15.0
2120,841,78,2,27415.0,15.0
2121,842,46,3,39469.51,5.0
2122,842,12,3,18914.62,10.0
2123,842,30,1,29540.77,0.0
2124,843,29,2,4861.83,5.0
2125,843,56,3,51601.9,10.0
2126,844,17,3,51126.99,10.0
2127,844,55,2,26946.51,5.0
2128,845,3,4,4965.67,20.0
2129,846,42,1,17365.38,20.0
2130,846,92,4,51582.74,5.0
2131,846,26,3,44612.14,0.0
2132,846,61,2,32317.12,0.0
2133,847,1,4,61223.09,15.0
2134,848,95,1,7395.63,20.0
2135,848,96,4,36347.49,5.0
2136,848,99,1,9112.95,5.0
2137,848,2,1,37058.41,15.0
2138,849,5,4,55145.14,20.0
2139,849,98,1,8416.8,15.0
2140,850,93,4,35451.03,10.0
2141,850,39,4,60636.43,20.0
2142,850,26,4,44612.14,0.0
2143,850,76,1,22659.67,5.0
2144,851,36,1,29220.56,15.0
2145,851,22,3,17067.94,20.0
2146,852,30,4,29540.77,10.0
2147,853,76,1,22659.67,10.0
2148,853,3,2,4965.67,10.0
2149,853,26,4,44612.14,5.0
2150,854,62,1,49282.11,5.0
2151,854,18,1,39067.76,5.0
2152,855,78,1,27415.0,5.0
2153,855,89,2,8490.11,10.0
2154,855,70,1,1424.63,20.0
2155,856,61,2,32317.12,20.0
2156,856,39,2,60636.43,0.0
2157,857,86,1,19658.07,15.0
2158,857,70,1,1424.63,10.0
2159,857,22,3,17067.94,20.0
2160,858,90,2,9479.51,0.0
2161,858,31,3,41426.86,15.0
2162,859,11,3,14798.13,20.0
2163,859,71,1,48097.15,0.0
2164,859,90,2,9479.51,5.0
2165,859,62,4,49282.11,20.0
2166,860,100,1,47242.23,0.0
2167,860,94,1,21142.54,10.0
2168,860,23,1,30218.35,0.0
2169,861,7,1,35676.25,0.0
2170,861,86,4,19658.07,10.0
2171,861,57,1,28954.69,20.0
2172,862,99,4,9112.95,0.0
2173,862,22,3,17067.94,20.0
2174,862,9,1,6781.71,15.0
2175,862,69,3,9404.11,0.0
2176,863,87,1,9968.06,5.0
2177,863,79,4,59063.2,10.0
2178,864,79,3,59063.2,20.0
2179,864,2,3,37058.41,20.0
2180,865,92,3,51582.74,10.0
2181,865,34,1,1627.35,5.0
2182,865,65,4,25655.99,10.0
2183,866,22,4,17067.94,15.0
2184,866,17,1,51126.99,0.0
2185,866,94,1,21142.54,15.0
2186,866,43,1,19550.36,5.0
2187,867,14,4,18638.1,10.0
2188,867,34,3,1627.35,10.0
2189,868,96,3,36347.49,0.0
2190,868,52,4,11464.42,15.0
2191,869,63,2,17704.09,0.0
2192,870,38,2,45556.45,10.0
2193,870,3,4,4965.67,10.0
2194,870,37,1,4157.84,10.0
2195,870,61,3,32317.12,5.0
2196,871,6,4,23477.27,0.0
2197,872,82,1,60550.55,10.0
2198,872,35,1,40574.09,5.0
2199,872,21,2,20716.8,20.0
2200,873,68,3,50546.01,5.0
2201,873,3,3,4965.67,15.0
2202,873,72,1,3049.09,15.0
2203,873,7,1,35676.25,5.0
2204,874,7,3,35676.25,5.0
2205,874,96,1,36347.49,10.0
2206,874,57,1,28954.69,15.0
2207,874,65,3,25655.99,10.0
2208,875,77,1,15588.88,5.0
2209,876,70,4,1424.63,15.0
2210,876,41,1,7195.64,15.0
2211,877,89,4,8490.11,0.0
2212,878,70,1,1424.63,20.0
2213,879,57,1,28954.69,0.0
2214,879,22,1,17067.94,5.0
2215,879,86,1,19658.07,0.0
2216,880,46,1,39469.51,10.0
2217,880,42,3,17365.38,10.0
2218,880,98,4,8416.8,20.0
2219,880,36,2,29220.56,20.0
2220,881,24,4,61484.98,0.0
2221,882,63,2,17704.09,10.0
2222,882,42,1,17365.38,5.0
2223,883,75,1,40520.0,15.0
2224,884,56,1,51601.9,15.0
2225,884,88,4,9404.09,15.0
2226,885,67,3,44330.85,15.0
2227,886,66,4,2891.58,15.0
2228,886,52,2,11464.42,15.0
2229,887,48,3,55719.32,5.0
2230,887,71,3,48097.15,5.0
2231,887,39,1,60636.43,5.0
2232,887,13,3,10699.88,20.0
2233,888,86,4,19658.07,10.0
2234,888,78,2,27415.0,15.0
2235,889,43,2,19550.36,0.0
2236,889,98,2,8416.8,10.0
2237,889,52,2,11464.42,5.0
2238,890,60,3,6814.56,0.0
2239,890,96,1,36347.49,10.0
2240,891,69,2,9404.11,20.0
2241,892,72,4,3049.09,10.0
2242,892,50,3,15587.26,10.0
2243,893,75,2,40520.0,10.0
2244,893,56,3,51601.9,0.0
2245,893,91,1,19216.8,10.0
2246,893,19,1,5338.31,20.0
2247,894,70,2,1424.63,5.0
2248,894,30,1,29540.77,10.0
2249,894,40,3,48648.82,10.0
2250,895,38,1,45556.45,20.0
2251,895,25,2,24414.21,5.0
2252,896,67,1,44330.85,0.0
2253,896,47,3,23051.77,5.0
2254,896,79,1,59063.2,0.0
2255,897,97,1,48283.78,5.0
2256,897,57,1,28954.69,0.0
2257,897,38,2,45556.45,20.0
2258,897,39,1,60636.43,5.0
2259,898,93,3,35451.03,15.0
2260,898,20,4,8509.0,0.0
2261,898,82,1,60550.55,0.0
2262,898,62,4,49282.11,0.0
2263,899,36,3,29220.56,5.0
2264,899,29,4,4861.83,15.0
2265,899,73,4,1218.25,20.0
2266,899,97,3,48283.78,5.0
2267,900,12,4,18914.62,15.0
2268,900,97,1,48283.78,10.0
2269,900,61,1,32317.12,20.0
2270,900,64,4,47322.35,20.0
2271,901,95,2,7395.63,10.0
2272,901,43,3,19550.36,0.0
2273,901,39,1,60636.43,0.0
2274,902,11,2,14798.13,15.0
2275,902,8,3,22821.11,15.0
2276,902,60,3,6814.56,15.0
2277,902,77,1,15588.88,5.0
2278,903,85,2,29027.72,15.0
2279,903,57,1,28954.69,0.0
2280,903,46,1,39469.51,10.0
2281,903,62,1,49282.11,10.0
2282,904,26,1,44612.14,20.0
2283,905,18,4,39067.76,20.0
2284,905,53,2,29550.3,5.0
2285,906,92,4,51582.74,20.0
2286,906,31,4,41426.86,15.0
2287,907,96,1,36347.49,10.0
2288,907,81,1,46748.32,0.0
2289,907,51,3,9186.86,20.0
2290,907,4,1,13786.06,5.0
2291,908,54,2,14466.19,20.0
2292,908,1,2,61223.09,10.0
2293,909,92,4,51582.74,5.0
2294,910,30,1,29540.77,15.0
2295,910,85,1,29027.72,0.0
2296,911,99,4,9112.95,20.0
2297,912,44,1,49431.27,10.0
2298,912,50,1,15587.26,5.0
2299,913,67,2,44330.85,10.0
2300,913,90,3,9479.51,0.0
2301,914,24,3,61484.98,0.0
2302,914,17,1,51126.99,0.0
2303,914,90,3,9479.51,5.0
2304,914,12,2,18914.62,15.0
2305,915,53,2,29550.3,15.0
2306,916,15,2,38780.21,15.0
2307,916,67,4,44330.85,15.0
2308,916,22,4,17067.94,10.0
2309,917,25,2,24414.21,0.0
2310,917,68,1,50546.01,15.0
2311,918,66,2,2891.58,15.0
2312,918,12,3,18914.62,0.0
2313,918,3,1,4965.67,10.0
2314,919,69,3,9404.11,0.0
2315,919,15,1,38780.21,15.0
2316,919,16,1,20180.87,0.0
2317,920,22,1,17067.94,5.0
2318,920,82,1,60550.55,10.0
2319,920,51,4,9186.86,15.0
2320,920,99,4,9112.95,0.0
2321,921,10,4,36772.23,10.0
2322,921,45,1,13140.29,10.0
2323,921,71,1,48097.15,0.0
2324,921,11,4,14798.13,5.0
2325,922,100,4,47242.23,0.0
2326,922,55,1,26946.51,15.0
2327,922,72,4,3049.09,5.0
2328,923,45,3,13140.29,20.0
2329,923,56,1,51601.9,5.0
2330,923,18,3,39067.76,20.0
2331,923,94,1,21142.54,15.0
2332,924,42,1,17365.38,0.0
2333,924,24,3,61484.98,0.0
2334,924,29,1,4861.83,10.0
2335,924,62,4,49282.11,15.0
2336,925,17,3,51126.99,15.0
2337,926,95,3,7395.63,15.0
2338,926,89,1,8490.11,15.0
2339,927,22,4,17067.94,15.0
2340,927,36,3,29220.56,20.0
2341,927,2,3,37058.41,5.0
2342,927,27,3,4568.95,5.0
2343,928,32,4,47773.55,10.0
2344,928,64,3,47322.35,20.0
2345,929,60,1,6814.56,0.0
2346,929,79,4,59063.2,20.0
2347,929,30,4,29540.77,0.0
2348,930,50,1,15587.26,5.0
2349,930,51,1,9186.86,10.0
2350,930,84,1,48821.23,20.0
2351,930,76,4,22659.67,20.0
2352,931,17,1,51126.99,20.0
2353,931,51,2,9186.86,20.0
2354,932,43,2,19550.36,0.0
2355,933,40,2,48648.82,15.0
2356,933,92,3,51582.74,5.0
2357,933,54,2,14466.19,20.0
2358,934,75,4,40520.0,20.0
2359,934,85,2,29027.72,20.0
2360,934,8,4,22821.11,20.0
2361,935,28,3,51188.01,10.0
2362,935,97,1,48283.78,10.0
2363,935,23,3,30218.35,0.0
2364,936,60,1,6814.56,15.0
2365,937,12,3,18914.62,10.0
2366,937,40,2,48648.82,0.0
2367,938,89,2,8490.11,20.0
2368,938,61,3,32317.12,20.0
2369,938,29,2,4861.83,0.0
2370,938,93,1,35451.03,0.0
2371,939,45,1,13140.29,0.0
2372,940,68,4,50546.01,10.0
2373,940,73,2,1218.25,5.0
2374,941,25,2,24414.21,0.0
2375,941,43,3,19550.36,0.0
2376,941,7,1,35676.25,20.0
2377,941,46,1,39469.51,5.0
2378,942,31,3,41426.86,20.0
2379,942,13,3,10699.88,15.0
2380,942,32,2,47773.55,15.0
2381,943,41,2,7195.64,15.0
2382,943,50,3,15587.26,0.0
2383,943,80,3,49525.87,10.0
2384,944,27,3,4568.95,0.0
2385,945,1,4,61223.09,20.0
2386,945,9,1,6781.71,10.0
2387,945,83,1,26329.7,5.0
2388,946,60,1,6814.56,5.0
2389,946,91,2,19216.8,5.0
2390,947,61,3,32317.12,5.0
2391,947,74,1,14704.14,5.0
2392,948,1,3,61223.09,0.0
2393,948,18,2,39067.76,0.0
2394,948,39,2,60636.43,15.0
2395,948,97,2,48283.78,15.0
2396,949,46,1,39469.51,10.0
2397,949,51,4,9186.86,15.0
2398,950,80,4,49525.87,20.0
2399,950,4,2,13786.06,20.0
2400,950,79,3,59063.2,0.0
2401,951,96,4,36347.49,20.0
2402,952,81,4,46748.32,15.0
2403,952,32,3,47773.55,10.0
2404,953,6,3,23477.27,20.0
2405,953,86,2,19658.07,0.0
2406,953,52,1,11464.42,15.0
2407,953,73,4,1218.25,5.0
2408,954,44,2,49431.27,15.0
2409,954,98,2,8416.8,0.0
2410,954,53,4,29550.3,5.0
2411,954,6,3,23477.27,15.0
2412,955,73,2,1218.25,10.0
2413,956,19,2,5338.31,0.0
2414,956,77,1,15588.88,15.0
2415,957,41,2,7195.64,15.0
2416,957,32,3,47773.55,5.0
2417,957,81,1,46748.32,10.0
2418,957,68,1,50546.01,15.0
2419,958,60,2,6814.56,5.0
2420,958,22,3,17067.94,20.0
2421,959,83,4,26329.7,0.0
2422,959,13,3,10699.88,0.0
2423,959,24,1,61484.98,15.0
2424,960,16,2,20180.87,0.0
2425,960,29,3,4861.83,15.0
2426,960,95,1,7395.63,15.0
2427,960,2,1,37058.41,15.0
2428,961,23,3,30218.35,15.0
2429,961,20,1,8509.0,0.0
2430,962,45,2,13140.29,15.0
2431,963,68,2,50546.01,20.0
2432,963,31,2,41426.86,0.0
2433,963,43,1,19550.36,0.0
2434,963,38,4,45556.45,0.0
2435,964,40,4,48648.82,20.0
2436,964,10,3,36772.23,10.0
2437,964,89,3,8490.11,10.0
2438,965,39,2,60636.43,0.0
2439,966,89,2,8490.11,15.0
2440,966,85,1,29027.72,5.0
2441,966,50,3,15587.26,15.0
2442,966,42,4,17365.38,15.0
2443,967,85,2,29027.72,0.0
2444,968,48,3,55719.32,20.0
2445,968,42,2,17365.38,10.0
2446,968,17,4,51126.99,5.0
2447,969,52,4,11464.42,20.0
2448,969,64,2,47322.35,5.0
2449,969,98,2,8416.8,5.0
2450,969,18,1,39067.76,0.0
2451,970,61,2,32317.12,0.0
2452,970,25,3,24414.21,0.0
2453,970,70,4,1424.63,15.0
2454,970,41,1,7195.64,15.0
2455,971,52,1,11464.42,0.0
2456,971,17,3,51126.99,10.0
2457,972,6,3,23477.27,0.0
2458,972,43,4,19550.36,10.0
2459,973,31,1,41426.86,20.0
2460,973,79,4,59063.2,0.0
2461,973,1,4,61223.09,20.0
2462,974,26,3,44612.14,5.0
2463,974,66,2,2891.58,5.0
2464,975,83,3,26329.7,20.0
2465,976,28,3,51188.01,0.0
2466,976,18,4,39067.76,15.0
2467,976,36,2,29220.56,5.0
2468,977,23,1,30218.35,15.0
2469,977,60,3,6814.56,15.0
2470,978,4,1,13786.06,0.0
2471,978,3,3,4965.67,20.0
2472,978,16,2,20180.87,10.0
2473,978,91,4,19216.8,20.0
2474,979,65,2,25655.99,20.0
2475,979,80,1,49525.87,5.0
2476,979,96,2,36347.49,5.0
2477,980,70,1,1424.63,15.0
2478,980,51,1,9186.86,10.0
2479,980,89,4,8490.11,15.0
2480,981,86,3,19658.07,15.0
2481,981,32,4,47773.55,20.0
2482,981,83,1,26329.7,5.0
2483,982,45,2,13140.29,0.0
2484,982,40,4,48648.82,20.0
2485,982,32,2,47773.55,5.0
2486,982,31,3,41426.86,10.0
2487,983,72,1,3049.09,20.0
2488,983,5,3,55145.14,15.0
2489,983,59,3,2005.93,0.0
2490,984,80,2,49525.87,10.0
2491,985,41,1,7195.64,20.0
2492,985,68,1,50546.01,5.0
2493,985,8,1,22821.11,5.0
2494,985,79,1,59063.2,5.0
2495,986,76,4,22659.67,5.0
2496,986,71,3,48097.15,15.0
2497,986,38,2,45556.45,10.0
2498,987,20,3,8509.0,20.0
2499,987,31,3,41426.86,5.0
2500,988,64,1,47322.35,10.0
2501,989,57,2,28954.69,15.0
2502,989,1,3,61223.09,10.0
2503,989,99,1,9112.95,15.0
2504,989,34,1,1627.35,0.0
2505,990,45,1,13140.29,5.0
2506,991,46,4,39469.51,10.0
2507,992,98,3,8416.8,0.0
2508,992,15,1,38780.21,5.0
2509,992,12,3,18914.62,15.0
2510,993,19,4,5338.31,20.0
2511,993,18,3,39067.76,5.0
2512,993,87,3,9968.06,15.0
2513,993,53,4,29550.3,0.0
2514,994,35,4,40574.09,0.0
2515,994,85,2,29027.72,5.0
2516,994,70,3,1424.63,0.0
2517,995,98,4,8416.8,15.0
2518,995,37,4,4157.84,20.0
2519,996,100,3,47242.23,5.0
2520,996,82,2,60550.55,5.0
2521,996,51,2,9186.86,5.0
2522,997,15,4,38780.21,10.0
2523,997,37,1,4157.84,5.0
2524,997,49,3,6186.77,0.0
2525,998,38,2,45556.45,10.0
2526,999,73,1,1218.25,15.0
2527,1000,47,2,23051.77,0.0
2528,1000,20,2,8509.0,5.0
2529,1000,4,1,13786.06,20.0
2530,1001,55,2,26946.51,15.0
2531,1001,18,1,39067.76,10.0
2532,1002,5,1,55145.14,0.0
2533,1003,91,4,19216.8,15.0
2534,1003,93,3,35451.03,15.0
2535,1004,27,3,4568.95,0.0
2536,1004,53,4,29550.3,5.0
2537,1005,7,1,35676.25,20.0
2538,1005,99,1,9112.95,0.0
2539,1005,59,4,2005.93,20.0
2540,1005,31,1,41426.86,15.0
2541,1006,57,4,28954.69,0.0
2542,1006,31,3,41426.86,20.0
2543,1006,76,3,22659.67,20.0
2544,1007,89,3,8490.11,10.0
2545,1007,94,2,21142.54,10.0
2546,1008,2,1,37058.41,5.0
2547,1008,34,3,1627.35,10.0
2548,1008,21,3,20716.8,15.0
2549,1008,50,2,15587.26,10.0
2550,1009,70,2,1424.63,15.0
2551,1009,50,4,15587.26,10.0
2552,1009,4,4,13786.06,20.0
2553,1009,94,2,21142.54,0.0
2554,1010,2,2,37058.41,20.0
2555,1010,89,4,8490.11,20.0
2556,1010,39,1,60636.43,10.0
2557,1011,79,1,59063.2,5.0
2558,1011,29,2,4861.83,20.0
2559,1011,45,1,13140.29,5.0
2560,1011,7,2,35676.25,0.0
2561,1012,91,2,19216.8,20.0
2562,1012,52,3,11464.42,0.0
2563,1012,56,3,51601.9,15.0
2564,1013,56,3,51601.9,0.0
2565,1014,72,3,3049.09,15.0
2566,1015,99,3,9112.95,0.0
2567,1015,52,1,11464.42,20.0
2568,1016,66,3,2891.58,20.0
2569,1017,89,1,8490.11,10.0
2570,1017,69,3,9404.11,15.0
2571,1017,83,4,26329.7,0.0
2572,1018,15,3,38780.21,15.0
2573,1019,87,2,9968.06,15.0
2574,1020,97,2,48283.78,20.0
2575,1020,96,4,36347.49,15.0
2576,1020,85,2,29027.72,20.0
2577,1020,4,4,13786.06,20.0
2578,1021,29,2,4861.83,20.0
2579,1021,77,2,15588.88,5.0
2580,1021,64,2,47322.35,5.0
2581,1021,10,2,36772.23,5.0
2582,1022,44,3,49431.27,20.0
2583,1022,86,1,19658.07,10.0
2584,1022,100,2,47242.23,10.0
2585,1022,32,2,47773.55,5.0
2586,1023,8,3,22821.11,5.0
2587,1024,5,2,55145.14,0.0
2588,1024,9,1,6781.71,5.0
2589,1025,2,3,37058.41,0.0
2590,1025,12,2,18914.62,5.0
2591,1026,86,2,19658.07,10.0
2592,1026,11,2,14798.13,5.0
2593,1026,50,2,15587.26,15.0
2594,1026,76,2,22659.67,15.0
2595,1027,95,2,7395.63,20.0
2596,1027,36,3,29220.56,5.0
2597,1027,5,4,55145.14,0.0
2598,1028,21,1,20716.8,0.0
2599,1028,51,2,9186.86,10.0
2600,1028,93,3,35451.03,15.0
2601,1029,48,4,55719.32,20.0
2602,1030,16,2,20180.87,5.0
2603,1030,5,1,55145.14,5.0
2604,1031,49,2,6186.77,5.0
2605,1031,8,4,22821.11,15.0
2606,1032,15,1,38780.21,10.0
2607,1033,38,1,45556.45,0.0
2608,1033,51,4,9186.86,20.0
2609,1034,46,2,39469.51,10.0
2610,1034,82,4,60550.55,5.0
2611,1034,88,4,9404.09,20.0
2612,1034,89,4,8490.11,0.0
2613,1035,22,3,17067.94,15.0
2614,1036,9,2,6781.71,5.0
2615,1036,53,3,29550.3,15.0
2616,1037,32,2,47773.55,0.0
2617,1037,86,2,19658.07,0.0
2618,1037,61,3,32317.12,0.0
2619,1038,35,3,40574.09,5.0
2620,1038,57,1,28954.69,20.0
2621,1038,98,3,8416.8,0.0
2622,1039,18,2,39067.76,20.0
2623,1039,30,2,29540.77,0.0
2624,1039,48,2,55719.32,15.0
2625,1040,61,1,32317.12,10.0
2626,1040,5,3,55145.14,10.0
2627,1040,79,3,59063.2,15.0
2628,1040,81,1,46748.32,10.0
2629,1041,52,2,11464.42,5.0
2630,1042,36,4,29220.56,0.0
2631,1042,76,1,22659.67,10.0
2632,1042,6,1,23477.27,15.0
2633,1042,26,2,44612.14,10.0
2634,1043,70,3,1424.63,0.0
2635,1044,6,2,23477.27,20.0
2636,1044,5,2,55145.14,15.0
2637,1045,65,2,25655.99,15.0
2638,1045,82,4,60550.55,15.0
2639,1045,71,3,48097.15,0.0
2640,1046,11,2,14798.13,10.0
2641,1046,7,4,35676.25,15.0
2642,1047,72,4,3049.09,15.0
2643,1047,34,3,1627.35,5.0
2644,1048,18,3,39067.76,10.0
2645,1048,81,4,46748.32,5.0
2646,1048,8,2,22821.11,0.0
2647,1049,24,4,61484.98,5.0
2648,1050,32,3,47773.55,15.0
2649,1051,81,1,46748.32,15.0
2650,1051,39,1,60636.43,20.0
2651,1051,83,3,26329.7,20.0
2652,1051,5,4,55145.14,5.0
2653,1052,18,1,39067.76,20.0
2654,1052,69,1,9404.11,10.0
2655,1053,38,3,45556.45,20.0
2656,1053,78,1,27415.0,20.0
2657,1054,7,1,35676.25,5.0
2658,1055,11,3,14798.13,15.0
2659,1055,43,3,19550.36,5.0
2660,1055,30,3,29540.77,15.0
2661,1055,78,1,27415.0,20.0
2662,1056,30,1,29540.77,15.0
2663,1056,36,1,29220.56,10.0
2664,1056,44,2,49431.27,0.0
2665,1056,59,4,2005.93,20.0
2666,1057,24,3,61484.98,20.0
2667,1057,66,3,2891.58,0.0
2668,1057,85,2,29027.72,0.0
2669,1058,89,2,8490.11,10.0
2670,1058,19,3,5338.31,0.0
2671,1059,31,1,41426.86,15.0
2672,1060,86,2,19658.07,15.0
2673,1060,83,2,26329.7,15.0
2674,1060,35,4,40574.09,10.0
2675,1061,58,4,33801.25,5.0
2676,1061,87,1,9968.06,10.0
2677,1062,61,2,32317.12,20.0
2678,1062,93,2,35451.03,15.0
2679,1063,51,2,9186.86,0.0
2680,1064,71,1,48097.15,0.0
2681,1065,3,2,4965.67,10.0
2682,1066,100,1,47242.23,20.0
2683,1066,54,2,14466.19,5.0
2684,1066,57,1,28954.69,10.0
2685,1067,18,4,39067.76,20.0
2686,1067,97,4,48283.78,10.0
2687,1068,58,3,33801.25,5.0
2688,1068,35,2,40574.09,0.0
2689,1068,80,2,49525.87,5.0
2690,1068,22,1,17067.94,20.0
2691,1069,70,2,1424.63,0.0
2692,1069,38,3,45556.45,20.0
2693,1069,6,3,23477.27,15.0
2694,1069,84,3,48821.23,20.0
2695,1070,32,2,47773.55,15.0
2696,1071,77,4,15588.88,0.0
2697,1071,48,4,55719.32,20.0
2698,1072,40,4,48648.82,20.0
2699,1073,54,3,14466.19,5.0
2700,1073,3,2,4965.67,20.0
2701,1074,38,2,45556.45,10.0
2702,1074,27,4,4568.95,15.0
2703,1075,48,3,55719.32,15.0
2704,1076,48,2,55719.32,20.0
2705,1076,31,3,41426.86,10.0
2706,1076,13,4,10699.88,0.0
2707,1076,66,4,2891.58,15.0
2708,1077,8,2,22821.11,10.0
2709,1077,76,1,22659.67,10.0
2710,1077,22,1,17067.94,20.0
2711,1078,2,1,37058.41,5.0
2712,1078,24,2,61484.98,15.0
2713,1078,80,4,49525.87,15.0
2714,1079,56,3,51601.9,0.0
2715,1079,37,2,4157.84,15.0
2716,1079,26,2,44612.14,15.0
2717,1080,89,1,8490.11,15.0
2718,1080,81,4,46748.32,15.0
2719,1080,3,3,4965.67,0.0
2720,1080,42,4,17365.38,0.0
2721,1081,67,2,44330.85,10.0
2722,1081,94,3,21142.54,15.0
2723,1081,85,3,29027.72,10.0
2724,1082,6,2,23477.27,5.0
2725,1083,89,4,8490.11,0.0
2726,1083,81,3,46748.32,10.0
2727,1083,70,4,1424.63,10.0
2728,1084,21,1,20716.8,5.0
2729,1085,79,2,59063.2,15.0
2730,1086,47,1,23051.77,0.0
2731,1086,63,3,17704.09,10.0
2732,1086,76,2,22659.67,5.0
2733,1086,27,3,4568.95,20.0
2734,1087,95,4,7395.63,0.0
2735,1087,9,3,6781.71,0.0
2736,1087,66,1,2891.58,10.0
2737,1087,46,3,39469.51,5.0
2738,1088,47,2,23051.77,10.0
2739,1088,49,4,6186.77,15.0
2740,1088,43,2,19550.36,0.0
2741,1088,60,4,6814.56,15.0
2742,1089,19,3,5338.31,20.0
2743,1089,28,1,51188.01,5.0
2744,1089,50,1,15587.26,20.0
2745,1090,94,3,21142.54,5.0
2746,1090,43,1,19550.36,20.0
2747,1090,90,2,9479.51,15.0
2748,1091,69,1,9404.11,0.0
2749,1091,53,4,29550.3,5.0
2750,1091,4,3,13786.06,10.0
2751,1091,70,3,1424.63,20.0
2752,1092,30,1,29540.77,5.0
2753,1092,79,3,59063.2,15.0
2754,1093,52,4,11464.42,20.0
2755,1093,92,3,51582.74,15.0
2756,1093,18,1,39067.76,0.0
2757,1093,41,3,7195.64,15.0
2758,1094,50,4,15587.26,0.0
2759,1094,87,2,9968.06,10.0
2760,1094,25,3,24414.21,5.0
2761,1095,23,2,30218.35,5.0
2762,1095,37,4,4157.84,0.0
2763,1095,57,2,28954.69,10.0
2764,1095,2,2,37058.41,10.0
2765,1096,90,2,9479.51,0.0
2766,1096,89,2,8490.11,15.0
2767,1096,20,4,8509.0,15.0
2768,1097,87,2,9968.06,20.0
2769,1097,63,1,17704.09,15.0
2770,1097,14,4,18638.1,5.0
2771,1097,26,3,44612.14,10.0
2772,1098,66,4,2891.58,20.0
2773,1098,95,4,7395.63,20.0
2774,1099,35,4,40574.09,15.0
2775,1099,24,3,61484.98,15.0
2776,1100,37,3,4157.84,0.0
2777,1101,17,2,51126.99,10.0
2778,1101,62,4,49282.11,0.0
2779,1101,78,2,27415.0,0.0
2780,1101,85,3,29027.72,15.0
2781,1102,55,2,26946.51,15.0
2782,1103,17,1,51126.99,10.0
2783,1104,47,3,23051.77,0.0
2784,1104,91,2,19216.8,15.0
2785,1105,59,2,2005.93,20.0
2786,1105,46,3,39469.51,15.0
2787,1106,2,3,37058.41,10.0
2788,1107,33,3,29766.53,20.0
2789,1107,89,4,8490.11,15.0
2790,1108,11,3,14798.13,10.0
2791,1109,70,4,1424.63,0.0
2792,1110,39,1,60636.43,15.0
2793,1110,25,1,24414.21,15.0
2794,1110,71,1,48097.15,10.0
2795,1110,34,2,1627.35,20.0
2796,1111,25,4,24414.21,15.0
2797,1111,91,3,19216.8,5.0
2798,1111,48,4,55719.32,20.0
2799,1112,7,1,35676.25,10.0
2800,1112,59,3,2005.93,10.0
2801,1113,22,1,17067.94,0.0
2802,1113,20,1,8509.0,15.0
2803,1113,91,3,19216.8,20.0
2804,1114,40,3,48648.82,0.0
2805,1115,79,1,59063.2,20.0
2806,1115,45,3,13140.29,0.0
2807,1115,84,3,48821.23,15.0
2808,1115,15,2,38780.21,10.0
2809,1116,83,2,26329.7,10.0
2810,1116,94,3,21142.54,10.0
2811,1116,17,3,51126.99,10.0
2812,1116,71,2,48097.15,10.0
2813,1117,81,2,46748.32,10.0
2814,1117,68,1,50546.01,5.0
2815,1117,55,3,26946.51,0.0
2816,1118,78,4,27415.0,10.0
2817,1119,78,1,27415.0,10.0
2818,1119,51,2,9186.86,15.0
2819,1120,61,1,32317.12,20.0
2820,1121,58,1,33801.25,20.0
2821,1121,14,2,18638.1,15.0
2822,1121,95,4,7395.63,10.0
2823,1122,7,4,35676.25,5.0
2824,1122,80,2,49525.87,10.0
2825,1123,8,2,22821.11,20.0
2826,1124,74,2,14704.14,15.0
2827,1125,87,4,9968.06,10.0
2828,1125,38,3,45556.45,0.0
2829,1126,37,4,4157.84,20.0
2830,1126,96,4,36347.49,15.0
2831,1127,20,1,8509.0,0.0
2832,1127,81,3,46748.32,10.0
2833,1127,21,1,20716.8,5.0
2834,1128,31,1,41426.86,15.0
2835,1129,95,4,7395.63,10.0
2836,1129,1,3,61223.09,10.0
2837,1130,53,1,29550.3,15.0
2838,1130,89,3,8490.11,5.0
2839,1130,58,3,33801.25,0.0
2840,1131,85,3,29027.72,0.0
2841,1131,62,4,49282.11,5.0
2842,1132,5,3,55145.14,20.0
2843,1132,97,1,48283.78,20.0
2844,1132,24,4,61484.98,10.0
2845,1132,63,4,17704.09,5.0
2846,1133,69,3,9404.11,20.0
2847,1133,58,3,33801.25,15.0
2848,1133,84,1,48821.23,5.0
2849,1134,33,3,29766.53,15.0
2850,1134,81,2,46748.32,10.0
2851,1134,49,1,6186.77,20.0
2852,1134,51,3,9186.86,0.0
2853,1135,33,1,29766.53,15.0
2854,1135,86,3,19658.07,10.0
2855,1135,27,1,4568.95,10.0
2856,1136,13,1,10699.88,15.0
2857,1136,71,2,48097.15,5.0
2858,1136,34,4,1627.35,15.0
2859,1137,88,3,9404.09,0.0
2860,1137,4,4,13786.06,0.0
2861,1137,29,3,4861.83,15.0
2862,1138,75,1,40520.0,10.0
2863,1138,8,1,22821.11,15.0
2864,1138,29,3,4861.83,0.0
2865,1138,45,2,13140.29,10.0
2866,1139,49,4,6186.77,20.0
2867,1139,84,4,48821.23,15.0
2868,1139,46,3,39469.51,10.0
2869,1140,83,3,26329.7,20.0
2870,1141,48,3,55719.32,10.0
2871,1141,30,1,29540.77,0.0
2872,1141,99,3,9112.95,5.0
2873,1142,78,3,27415.0,0.0
2874,1143,47,2,23051.77,20.0
2875,1143,1,1,61223.09,20.0
2876,1144,77,4,15588.88,10.0
2877,1145,15,3,38780.21,0.0
2878,1145,34,1,1627.35,10.0
2879,1146,97,2,48283.78,15.0
2880,1146,56,1,51601.9,20.0
2881,1146,76,4,22659.67,10.0
2882,1147,82,2,60550.55,15.0
2883,1147,50,3,15587.26,5.0
2884,1148,51,3,9186.86,15.0
2885,1149,2,2,37058.41,10.0
2886,1150,18,2,39067.76,5.0
2887,1151,4,3,13786.06,20.0
2888,1151,17,1,51126.99,15.0
2889,1151,88,1,9404.09,15.0
2890,1152,77,2,15588.88,10.0
2891,1152,13,3,10699.88,0.0
2892,1153,71,3,48097.15,5.0
2893,1153,97,2,48283.78,10.0
2894,1154,87,1,9968.06,15.0
2895,1154,36,3,29220.56,5.0
2896,1155,79,3,59063.2,20.0
2897,1155,93,4,35451.03,15.0
2898,1155,92,4,51582.74,10.0
2899,1156,50,2,15587.26,20.0
2900,1157,5,4,55145.14,15.0
2901,1157,16,3,20180.87,0.0
2902,1157,42,4,17365.38,15.0
2903,1157,39,3,60636.43,10.0
2904,1158,83,2,26329.7,20.0
2905,1158,72,3,3049.09,0.0
2906,1158,49,4,6186.77,15.0
2907,1159,22,1,17067.94,15.0
2908,1159,92,1,51582.74,5.0
2909,1160,25,1,24414.21,15.0
2910,1160,43,1,19550.36,0.0
2911,1160,51,2,9186.86,5.0
2912,1161,43,4,19550.36,10.0
2913,1162,15,1,38780.21,10.0
2914,1162,8,2,22821.11,15.0
2915,1162,34,1,1627.35,10.0
2916,1163,60,4,6814.56,20.0
2917,1163,46,3,39469.51,20.0
2918,1163,62,3,49282.11,15.0
2919,1163,77,1,15588.88,0.0
2920,1164,4,4,13786.06,0.0
2921,1165,94,2,21142.54,20.0
2922,1166,15,4,38780.21,0.0
2923,1166,96,1,36347.49,5.0
2924,1166,91,2,19216.8,20.0
2925,1166,51,2,9186.86,20.0
2926,1167,11,4,14798.13,5.0
2927,1168,60,1,6814.56,0.0
2928,1169,55,1,26946.51,5.0
2929,1169,53,2,29550.3,5.0
2930,1170,94,2,21142.54,10.0
2931,1170,23,3,30218.35,5.0
2932,1170,63,1,17704.09,15.0
2933,1171,10,1,36772.23,15.0
2934,1171,8,1,22821.11,5.0
2935,1171,63,3,17704.09,5.0
2936,1172,11,3,14798.13,5.0
2937,1172,18,1,39067.76,15.0
2938,1172,97,3,48283.78,15.0
2939,1172,93,2,35451.03,10.0
2940,1173,43,1,19550.36,5.0
2941,1173,60,1,6814.56,15.0
2942,1173,92,3,51582.74,5.0
2943,1173,5,1,55145.14,0.0
2944,1174,87,2,9968.06,15.0
2945,1174,11,2,14798.13,15.0
2946,1174,71,1,48097.15,5.0
2947,1174,34,4,1627.35,20.0
2948,1175,22,3,17067.94,20.0
2949,1176,70,2,1424.63,10.0
2950,1176,39,1,60636.43,10.0
2951,1176,6,1,23477.27,10.0
2952,1177,61,1,32317.12,15.0
2953,1178,28,1,51188.01,15.0
2954,1178,22,4,17067.94,15.0
2955,1178,88,1,9404.09,10.0
2956,1179,47,2,23051.77,5.0
2957,1179,39,2,60636.43,10.0
2958,1179,77,3,15588.88,5.0
2959,1180,4,1,13786.06,0.0
2960,1181,70,4,1424.63,20.0
2961,1182,45,3,13140.29,5.0
2962,1182,15,3,38780.21,20.0
2963,1182,90,1,9479.51,10.0
2964,1183,24,4,61484.98,10.0
2965,1184,34,1,1627.35,15.0
2966,1185,11,2,14798.13,20.0
2967,1185,24,4,61484.98,5.0
2968,1185,85,1,29027.72,10.0
2969,1185,88,4,9404.09,20.0
2970,1186,38,4,45556.45,0.0
2971,1187,29,1,4861.83,10.0
2972,1187,3,1,4965.67,15.0
2973,1187,25,4,24414.21,20.0
2974,1188,30,2,29540.77,0.0
2975,1188,31,4,41426.86,0.0
2976,1189,31,4,41426.86,5.0
2977,1189,16,1,20180.87,0.0
2978,1189,69,3,9404.11,15.0
2979,1189,53,3,29550.3,0.0
2980,1190,79,2,59063.2,15.0
2981,1190,27,4,4568.95,15.0
2982,1190,93,4,35451.03,20.0
2983,1190,92,1,51582.74,20.0
2984,1191,59,1,2005.93,10.0
2985,1191,62,4,49282.11,15.0
2986,1191,42,1,17365.38,15.0
2987,1191,79,2,59063.2,5.0
2988,1192,29,2,4861.83,20.0
2989,1192,39,4,60636.43,5.0
2990,1192,61,1,32317.12,5.0
2991,1192,19,3,5338.31,15.0
2992,1193,11,4,14798.13,0.0
2993,1193,72,4,3049.09,15.0
2994,1193,51,3,9186.86,15.0
2995,1194,11,4,14798.13,10.0
2996,1194,17,3,51126.99,10.0
2997,1194,37,2,4157.84,20.0
2998,1194,91,2,19216.8,20.0
2999,1195,82,2,60550.55,5.0
3000,1195,95,1,7395.63,5.0
3001,1195,61,4,32317.12,20.0
3002,1196,76,4,22659.67,20.0
3003,1196,52,1,11464.42,20.0
3004,1196,36,3,29220.56,10.0
3005,1197,50,2,15587.26,20.0
3006,1198,95,4,7395.63,20.0
3007,1198,22,2,17067.94,15.0
3008,1199,53,4,29550.3,15.0
3009,1199,52,2,11464.42,10.0
3010,1199,69,1,9404.11,10.0
3011,1199,14,2,18638.1,20.0
3012,1200,43,3,19550.36,10.0
3013,1200,89,4,8490.11,5.0
3014,1200,98,2,8416.8,10.0
3015,1200,40,4,48648.82,10.0
3016,1201,34,4,1627.35,5.0
3017,1202,72,2,3049.09,15.0
3018,1202,15,4,38780.21,5.0
3019,1203,12,2,18914.62,5.0
3020,1203,44,2,49431.27,20.0
3021,1204,60,3,6814.56,0.0
3022,1204,72,2,3049.09,20.0
3023,1204,78,1,27415.0,20.0
3024,1205,77,1,15588.88,20.0
3025,1205,12,1,18914.62,20.0
3026,1205,35,3,40574.09,0.0
3027,1206,87,2,9968.06,0.0
3028,1206,22,2,17067.94,20.0
3029,1206,97,3,48283.78,15.0
3030,1207,33,4,29766.53,15.0
3031,1207,62,4,49282.11,5.0
3032,1207,4,3,13786.06,20.0
3033,1207,88,1,9404.09,10.0
3034,1208,96,4,36347.49,15.0
3035,1208,41,3,7195.64,10.0
3036,1208,51,2,9186.86,20.0
3037,1209,77,3,15588.88,15.0
3038,1209,95,3,7395.63,0.0
3039,1209,80,4,49525.87,20.0
3040,1210,49,1,6186.77,5.0
3041,1210,13,2,10699.88,5.0
3042,1211,54,2,14466.19,20.0
3043,1211,85,2,29027.72,10.0
3044,1211,98,2,8416.8,10.0
3045,1212,56,2,51601.9,20.0
3046,1213,30,1,29540.77,15.0
3047,1213,96,1,36347.49,5.0
3048,1214,80,1,49525.87,5.0
3049,1214,60,3,6814.56,5.0
3050,1214,55,3,26946.51,0.0
3051,1214,78,1,27415.0,5.0
3052,1215,88,2,9404.09,10.0
3053,1216,32,1,47773.55,5.0
3054,1216,92,1,51582.74,5.0
3055,1217,48,2,55719.32,10.0
3056,1217,9,1,6781.71,5.0
3057,1217,92,3,51582.74,5.0
3058,1218,6,2,23477.27,20.0
3059,1218,22,4,17067.94,10.0
3060,1219,61,4,32317.12,20.0
3061,1219,42,2,17365.38,0.0
3062,1220,88,2,9404.09,5.0
3063,1221,43,4,19550.36,10.0
3064,1221,94,1,21142.54,5.0
3065,1221,32,3,47773.55,15.0
3066,1222,66,4,2891.58,15.0
3067,1223,64,4,47322.35,20.0
3068,1223,71,1,48097.15,15.0
3069,1223,19,3,5338.31,10.0
3070,1224,85,4,29027.72,5.0
3071,1224,45,4,13140.29,15.0
3072,1224,59,4,2005.93,5.0
3073,1225,5,2,55145.14,0.0
3074,1225,93,3,35451.03,15.0
3075,1226,16,3,20180.87,0.0
3076,1226,91,4,19216.8,15.0
3077,1226,44,4,49431.27,15.0
3078,1227,22,4,17067.94,10.0
3079,1227,18,1,39067.76,5.0
3080,1227,85,1,29027.72,5.0
3081,1227,17,3,51126.99,10.0
3082,1228,43,1,19550.36,10.0
3083,1228,75,2,40520.0,0.0
3084,1228,11,4,14798.13,5.0
3085,1229,45,4,13140.29,15.0
3086,1230,56,4,51601.9,0.0
3087,1230,9,1,6781.71,20.0
3088,1230,89,2,8490.11,5.0
3089,1231,36,1,29220.56,5.0
3090,1232,9,4,6781.71,15.0
3091,1233,28,2,51188.01,15.0
3092,1233,29,1,4861.83,20.0
3093,1233,56,3,51601.9,20.0
3094,1233,24,3,61484.98,20.0
3095,1234,7,4,35676.25,5.0
3096,1234,48,1,55719.32,5.0
3097,1235,10,3,36772.23,0.0
3098,1235,71,2,48097.15,15.0
3099,1236,72,3,3049.09,15.0
3100,1236,5,3,55145.14,0.0
3101,1236,13,2,10699.88,0.0
3102,1237,23,4,30218.35,5.0
3103,1237,75,1,40520.0,0.0
3104,1238,21,4,20716.8,0.0
3105,1238,87,1,9968.06,15.0
3106,1238,53,2,29550.3,5.0
3107,1238,88,4,9404.09,20.0
3108,1239,84,1,48821.23,20.0
3109,1239,82,1,60550.55,15.0
3110,1239,59,2,2005.93,15.0
3111,1240,8,4,22821.11,20.0
3112,1240,34,4,1627.35,10.0
3113,1240,71,2,48097.15,10.0
3114,1241,42,1,17365.38,5.0
3115,1241,82,4,60550.55,0.0
3116,1241,70,2,1424.63,15.0
3117,1241,21,1,20716.8,20.0
3118,1242,40,2,48648.82,10.0
3119,1242,32,3,47773.55,5.0
3120,1242,7,3,35676.25,5.0
3121,1243,41,3,7195.64,0.0
3122,1244,100,1,47242.23,0.0
3123,1244,31,2,41426.86,0.0
3124,1244,65,2,25655.99,0.0
3125,1244,59,1,2005.93,0.0
3126,1245,22,2,17067.94,0.0
3127,1245,72,2,3049.09,0.0
3128,1245,86,1,19658.07,10.0
3129,1245,12,4,18914.62,15.0
3130,1246,79,3,59063.2,5.0
3131,1246,96,2,36347.49,0.0
3132,1246,26,2,44612.14,0.0
3133,1246,13,4,10699.88,0.0
3134,1247,96,2,36347.49,10.0
3135,1247,88,4,9404.09,15.0
3136,1248,99,4,9112.95,10.0
3137,1248,37,1,4157.84,0.0
3138,1248,65,2,25655.99,5.0
3139,1249,30,4,29540.77,15.0
3140,1250,68,2,50546.01,15.0
3141,1251,7,2,35676.25,20.0
3142,1252,6,1,23477.27,10.0
3143,1252,83,4,26329.7,10.0
3144,1252,97,1,48283.78,15.0
3145,1253,14,4,18638.1,0.0
3146,1253,65,3,25655.99,10.0
3147,1253,73,2,1218.25,15.0
3148,1254,16,3,20180.87,5.0
3149,1254,94,4,21142.54,10.0
3150,1254,46,3,39469.51,10.0
3151,1254,80,1,49525.87,15.0
3152,1255,79,3,59063.2,10.0
3153,1255,24,4,61484.98,0.0
3154,1256,1,3,61223.09,10.0
3155,1256,36,3,29220.56,20.0
3156,1256,23,2,30218.35,10.0
3157,1256,86,1,19658.07,5.0
3158,1257,7,3,35676.25,15.0
3159,1257,36,1,29220.56,0.0
3160,1257,14,2,18638.1,0.0
3161,1258,79,1,59063.2,20.0
3162,1258,32,1,47773.55,5.0
3163,1259,90,4,9479.51,0.0
3164,1259,7,3,35676.25,0.0
3165,1260,41,4,7195.64,5.0
3166,1261,25,3,24414.21,20.0
3167,1261,9,4,6781.71,5.0
3168,1261,47,2,23051.77,20.0
3169,1261,60,4,6814.56,20.0
3170,1262,13,4,10699.88,0.0
3171,1262,23,3,30218.35,10.0
3172,1262,43,4,19550.36,10.0
3173,1262,30,3,29540.77,20.0
3174,1263,98,1,8416.8,10.0
3175,1263,69,2,9404.11,20.0
3176,1263,71,3,48097.15,20.0
3177,1263,87,4,9968.06,20.0
3178,1264,78,2,27415.0,10.0
3179,1265,26,3,44612.14,0.0
3180,1265,99,1,9112.95,5.0
3181,1266,96,4,36347.49,0.0
3182,1266,40,4,48648.82,5.0
3183,1266,5,1,55145.14,5.0
3184,1266,59,1,2005.93,0.0
3185,1267,70,4,1424.63,5.0
3186,1268,35,3,40574.09,20.0
3187,1268,43,3,19550.36,0.0
3188,1268,34,1,1627.35,5.0
3189,1269,70,2,1424.63,0.0
3190,1270,83,4,26329.7,15.0
3191,1270,91,4,19216.8,20.0
3192,1271,96,3,36347.49,0.0
3193,1271,42,1,17365.38,5.0
3194,1271,41,3,7195.64,10.0
3195,1272,50,2,15587.26,0.0
3196,1272,22,1,17067.94,5.0
3197,1272,99,2,9112.95,0.0
3198,1273,69,1,9404.11,15.0
3199,1273,83,1,26329.7,0.0
3200,1274,31,3,41426.86,10.0
3201,1274,97,4,48283.78,0.0
3202,1274,42,2,17365.38,0.0
3203,1275,47,3,23051.77,0.0
3204,1276,48,4,55719.32,20.0
3205,1276,33,4,29766.53,10.0
3206,1276,92,3,51582.74,20.0
3207,1276,51,1,9186.86,5.0
3208,1277,63,2,17704.09,0.0
3209,1277,68,1,50546.01,20.0
3210,1278,63,1,17704.09,0.0
3211,1278,57,3,28954.69,10.0
3212,1279,27,1,4568.95,20.0
3213,1279,85,1,29027.72,5.0
3214,1279,96,1,36347.49,10.0
3215,1279,13,1,10699.88,5.0
3216,1280,50,2,15587.26,10.0
3217,1280,65,2,25655.99,10.0
3218,1281,79,2,59063.2,0.0
3219,1281,34,3,1627.35,15.0
3220,1282,45,2,13140.29,10.0
3221,1282,17,4,51126.99,15.0
3222,1282,30,4,29540.77,10.0
3223,1283,68,2,50546.01,0.0
3224,1283,52,2,11464.42,20.0
3225,1283,85,4,29027.72,15.0
3226,1283,91,4,19216.8,10.0
3227,1284,30,2,29540.77,15.0
3228,1284,17,3,51126.99,5.0
3229,1284,94,2,21142.54,10.0
3230,1284,18,1,39067.76,0.0
3231,1285,16,1,20180.87,0.0
3232,1286,82,1,60550.55,10.0
3233,1287,95,1,7395.63,15.0
3234,1288,76,2,22659.67,20.0
3235,1288,63,4,17704.09,15.0
3236,1288,51,4,9186.86,0.0
3237,1289,92,2,51582.74,15.0
3238,1289,64,2,47322.35,20.0
3239,1289,13,4,10699.88,0.0
3240,1290,8,3,22821.11,0.0
3241,1290,72,1,3049.09,0.0
3242,1291,72,2,3049.09,10.0
3243,1291,16,3,20180.87,10.0
3244,1292,44,2,49431.27,15.0
3245,1292,34,4,1627.35,20.0
3246,1293,6,3,23477.27,5.0
3247,1293,32,3,47773.55,0.0
3248,1294,50,2,15587.26,15.0
3249,1294,28,4,51188.01,5.0
3250,1295,69,2,9404.11,20.0
3251,1295,47,3,23051.77,20.0
3252,1296,63,4,17704.09,5.0
3253,1296,36,3,29220.56,0.0
3254,1296,33,1,29766.53,20.0
3255,1296,9,3,6781.71,0.0
3256,1297,50,3,15587.26,10.0
3257,1298,29,4,4861.83,10.0
3258,1298,61,4,32317.12,5.0
3259,1298,64,1,47322.35,20.0
3260,1298,69,2,9404.11,15.0
3261,1299,69,4,9404.11,0.0
3262,1299,40,1,48648.82,0.0
3263,1300,39,4,60636.43,0.0
3264,1300,6,4,23477.27,20.0
3265,1301,79,2,59063.2,15.0
3266,1301,85,2,29027.72,0.0
3267,1301,77,4,15588.88,15.0
3268,1302,52,4,11464.42,20.0
3269,1302,77,2,15588.88,5.0
3270,1302,28,1,51188.01,15.0
3271,1303,68,2,50546.01,15.0
3272,1303,78,4,27415.0,5.0
3273,1303,3,4,4965.67,0.0
3274,1303,11,2,14798.13,20.0
3275,1304,45,4,13140.29,10.0
3276,1304,53,3,29550.3,10.0
3277,1305,79,2,59063.2,10.0
3278,1305,61,2,32317.12,0.0
3279,1305,46,4,39469.51,20.0
3280,1305,81,3,46748.32,5.0
3281,1306,30,4,29540.77,5.0
3282,1306,93,3,35451.03,5.0
3283,1306,27,2,4568.95,20.0
3284,1306,99,3,9112.95,10.0
3285,1307,23,1,30218.35,10.0
3286,1307,56,3,51601.9,0.0
3287,1308,2,4,37058.41,0.0
3288,1308,63,1,17704.09,15.0
3289,1308,84,4,48821.23,15.0
3290,1308,52,3,11464.42,15.0
3291,1309,77,4,15588.88,15.0
3292,1309,5,1,55145.14,0.0
3293,1309,57,2,28954.69,5.0
3294,1310,49,3,6186.77,20.0
3295,1310,17,4,51126.99,20.0
3296,1310,36,3,29220.56,0.0
3297,1311,43,3,19550.36,5.0
3298,1311,72,4,3049.09,15.0
3299,1312,35,2,40574.09,0.0
3300,1312,40,1,48648.82,20.0
3301,1312,58,2,33801.25,10.0
3302,1312,64,4,47322.35,0.0
3303,1313,43,2,19550.36,15.0
3304,1313,63,4,17704.09,10.0
3305,1313,71,2,48097.15,20.0
3306,1313,69,4,9404.11,10.0
3307,1314,45,2,13140.29,0.0
3308,1315,70,3,1424.63,10.0
3309,1315,16,3,20180.87,15.0
3310,1316,45,3,13140.29,10.0
3311,1317,84,1,48821.23,20.0
3312,1318,32,4,47773.55,0.0
3313,1318,91,3,19216.8,5.0
3314,1318,20,4,8509.0,5.0
3315,1319,67,3,44330.85,10.0
3316,1320,49,4,6186.77,5.0
3317,1320,97,4,48283.78,5.0
3318,1321,97,4,48283.78,0.0
3319,1321,84,4,48821.23,5.0
3320,1321,17,4,51126.99,10.0
3321,1321,61,1,32317.12,5.0
3322,1322,90,3,9479.51,10.0
3323,1322,77,4,15588.88,5.0
3324,1323,34,1,1627.35,20.0
3325,1323,37,4,4157.84,0.0
3326,1323,75,4,40520.0,5.0
3327,1323,48,4,55719.32,20.0
3328,1324,19,1,5338.31,5.0
3329,1324,11,4,14798.13,0.0
3330,1324,79,2,59063.2,0.0
3331,1325,28,4,51188.01,15.0
3332,1325,53,1,29550.3,20.0
3333,1325,8,2,22821.11,0.0
3334,1326,15,4,38780.21,15.0
3335,1326,33,3,29766.53,5.0
3336,1326,89,3,8490.11,10.0
3337,1326,32,4,47773.55,15.0
3338,1327,83,1,26329.7,5.0
3339,1328,21,1,20716.8,5.0
3340,1328,95,2,7395.63,15.0
3341,1329,4,4,13786.06,0.0
3342,1329,52,1,11464.42,10.0
3343,1329,67,3,44330.85,10.0
3344,1330,78,2,27415.0,15.0
3345,1331,92,2,51582.74,20.0
3346,1332,51,1,9186.86,10.0
3347,1332,73,1,1218.25,15.0
3348,1333,60,1,6814.56,0.0
3349,1334,40,2,48648.82,5.0
3350,1334,58,2,33801.25,20.0
3351,1335,42,1,17365.38,10.0
3352,1335,75,4,40520.0,5.0
3353,1335,53,1,29550.3,10.0
3354,1336,67,4,44330.85,15.0
3355,1336,65,1,25655.99,10.0
3356,1336,50,1,15587.26,5.0
3357,1336,33,4,29766.53,5.0
3358,1337,73,4,1218.25,15.0
3359,1338,69,2,9404.11,10.0
3360,1338,89,1,8490.11,15.0
3361,1338,33,1,29766.53,10.0
3362,1338,63,2,17704.09,15.0
3363,1339,51,2,9186.86,5.0
3364,1339,1,1,61223.09,20.0
3365,1340,83,4,26329.7,10.0
3366,1340,51,4,9186.86,10.0
3367,1341,87,4,9968.06,20.0
3368,1342,85,2,29027.72,20.0
3369,1343,20,3,8509.0,5.0
3370,1343,31,1,41426.86,15.0
3371,1343,37,1,4157.84,0.0
3372,1343,27,3,4568.95,5.0
3373,1344,31,3,41426.86,20.0
3374,1345,53,4,29550.3,5.0
3375,1345,89,3,8490.11,15.0
3376,1345,72,4,3049.09,5.0
3377,1345,41,4,7195.64,10.0
3378,1346,12,3,18914.62,10.0
3379,1347,53,3,29550.3,0.0
3380,1348,46,1,39469.51,15.0
3381,1348,79,4,59063.2,0.0
3382,1349,10,4,36772.23,5.0
3383,1349,62,2,49282.11,15.0
3384,1349,35,1,40574.09,10.0
3385,1349,74,3,14704.14,20.0
3386,1350,10,1,36772.23,10.0
3387,1351,31,4,41426.86,0.0
3388,1351,59,3,2005.93,10.0
3389,1351,24,4,61484.98,15.0
3390,1352,12,2,18914.62,20.0
3391,1352,70,4,1424.63,5.0
3392,1353,57,1,28954.69,20.0
3393,1353,96,4,36347.49,20.0
3394,1354,83,1,26329.7,20.0
3395,1355,19,4,5338.31,20.0
3396,1355,7,2,35676.25,5.0
3397,1355,36,4,29220.56,10.0
3398,1355,71,1,48097.15,20.0
3399,1356,29,1,4861.83,20.0
3400,1356,99,1,9112.95,0.0
3401,1356,60,3,6814.56,15.0
3402,1356,16,4,20180.87,10.0
3403,1357,67,2,44330.85,20.0
3404,1357,77,2,15588.88,5.0
3405,1358,30,3,29540.77,10.0
3406,1358,22,4,17067.94,10.0
3407,1359,91,1,19216.8,20.0
3408,1359,7,3,35676.25,0.0
3409,1360,59,3,2005.93,0.0
3410,1360,2,3,37058.41,5.0
3411,1361,51,4,9186.86,15.0
3412,1361,37,2,4157.84,5.0
3413,1361,21,3,20716.8,0.0
3414,1362,35,4,40574.09,0.0
3415,1362,72,1,3049.09,10.0
3416,1362,1,4,61223.09,10.0
3417,1362,69,1,9404.11,15.0
3418,1363,36,1,29220.56,15.0
3419,1363,64,3,47322.35,5.0
3420,1364,78,1,27415.0,0.0
3421,1365,71,4,48097.15,15.0
3422,1365,100,4,47242.23,0.0
3423,1366,67,4,44330.85,15.0
3424,1367,12,3,18914.62,0.0
3425,1367,49,2,6186.77,5.0
3426,1368,89,4,8490.11,15.0
3427,1368,76,4,22659.67,15.0
3428,1369,67,1,44330.85,10.0
3429,1369,32,3,47773.55,0.0
3430,1369,68,4,50546.01,20.0
3431,1370,95,1,7395.63,20.0
3432,1370,85,1,29027.72,10.0
3433,1370,47,4,23051.77,15.0
3434,1371,22,4,17067.94,0.0
3435,1371,64,4,47322.35,10.0
3436,1372,79,1,59063.2,5.0
3437,1373,79,2,59063.2,15.0
3438,1374,70,3,1424.63,5.0
3439,1375,18,1,39067.76,0.0
3440,1375,94,4,21142.54,5.0
3441,1375,66,4,2891.58,10.0
3442,1375,46,1,39469.51,10.0
3443,1376,27,4,4568.95,10.0
3444,1376,61,4,32317.12,20.0
3445,1377,64,4,47322.35,0.0
3446,1378,90,3,9479.51,10.0
3447,1378,27,2,4568.95,10.0
3448,1378,86,3,19658.07,10.0
3449,1379,51,4,9186.86,0.0
3450,1379,22,2,17067.94,5.0
3451,1379,35,1,40574.09,5.0
3452,1379,75,3,40520.0,20.0
3453,1380,24,2,61484.98,5.0
3454,1381,22,2,17067.94,20.0
3455,1381,40,4,48648.82,20.0
3456,1381,39,1,60636.43,20.0
3457,1381,55,4,26946.51,20.0
3458,1382,72,3,3049.09,15.0
3459,1382,36,4,29220.56,0.0
3460,1382,58,4,33801.25,5.0
3461,1383,55,3,26946.51,10.0
3462,1383,4,3,13786.06,5.0
3463,1383,22,4,17067.94,15.0
3464,1383,61,1,32317.12,0.0
3465,1384,5,3,55145.14,15.0
3466,1385,59,2,2005.93,10.0
3467,1385,81,3,46748.32,20.0
3468,1386,87,1,9968.06,15.0
3469,1386,31,1,41426.86,0.0
3470,1386,40,2,48648.82,10.0
3471,1386,76,1,22659.67,0.0
3472,1387,60,4,6814.56,0.0
3473,1387,55,3,26946.51,0.0
3474,1388,71,4,48097.15,5.0
3475,1388,34,4,1627.35,20.0
3476,1389,43,2,19550.36,5.0
3477,1389,10,4,36772.23,5.0
3478,1389,70,2,1424.63,15.0
3479,1390,62,4,49282.11,20.0
3480,1391,41,1,7195.64,15.0
3481,1392,89,2,8490.11,20.0
3482,1392,18,1,39067.76,5.0
3483,1393,98,3,8416.8,15.0
3484,1393,74,3,14704.14,15.0
3485,1394,96,4,36347.49,15.0
3486,1394,57,4,28954.69,15.0
3487,1394,66,4,2891.58,0.0
3488,1394,44,4,49431.27,5.0
3489,1395,55,2,26946.51,15.0
3490,1395,45,2,13140.29,10.0
3491,1395,39,3,60636.43,0.0
3492,1395,75,2,40520.0,15.0
3493,1396,87,2,9968.06,5.0
3494,1396,38,4,45556.45,15.0
3495,1396,64,1,47322.35,10.0
3496,1396,18,3,39067.76,10.0
3497,1397,42,2,17365.38,0.0
3498,1397,24,2,61484.98,15.0
3499,1398,81,3,46748.32,10.0
3500,1398,15,3,38780.21,10.0
3501,1399,35,2,40574.09,20.0
3502,1399,44,4,49431.27,15.0
3503,1399,89,3,8490.11,15.0
3504,1399,83,1,26329.7,0.0
3505,1400,77,2,15588.88,5.0
3506,1401,49,2,6186.77,0.0
3507,1402,76,4,22659.67,5.0
3508,1403,41,4,7195.64,15.0
3509,1403,26,4,44612.14,5.0
3510,1404,20,3,8509.0,20.0
3511,1404,51,1,9186.86,5.0
3512,1404,33,1,29766.53,0.0
3513,1404,82,4,60550.55,5.0
3514,1405,8,4,22821.11,10.0
3515,1406,63,3,17704.09,10.0
3516,1406,68,1,50546.01,0.0
3517,1406,25,2,24414.21,0.0
3518,1406,88,3,9404.09,5.0
3519,1407,51,3,9186.86,20.0
3520,1407,11,4,14798.13,15.0
3521,1408,67,1,44330.85,0.0
3522,1408,90,2,9479.51,20.0
3523,1408,26,3,44612.14,0.0
3524,1408,51,4,9186.86,10.0
3525,1409,82,4,60550.55,10.0
3526,1409,38,3,45556.45,5.0
3527,1410,99,3,9112.95,5.0
3528,1410,49,2,6186.77,20.0
3529,1410,28,1,51188.01,15.0
3530,1410,8,1,22821.11,10.0
3531,1411,94,3,21142.54,0.0
3532,1411,25,3,24414.21,5.0
3533,1411,6,2,23477.27,0.0
3534,1412,99,3,9112.95,10.0
3535,1412,5,4,55145.14,5.0
3536,1413,61,3,32317.12,15.0
3537,1413,27,3,4568.95,15.0
3538,1413,45,3,13140.29,20.0
3539,1413,35,1,40574.09,10.0
3540,1414,52,2,11464.42,15.0
3541,1414,34,2,1627.35,15.0
3542,1414,97,1,48283.78,0.0
3543,1415,32,2,47773.55,10.0
3544,1415,82,2,60550.55,10.0
3545,1416,58,3,33801.25,20.0
3546,1416,71,3,48097.15,20.0
3547,1416,96,2,36347.49,0.0
3548,1417,12,3,18914.62,5.0
3549,1417,71,3,48097.15,10.0
3550,1417,9,3,6781.71,15.0
3551,1418,60,1,6814.56,0.0
3552,1418,50,1,15587.26,10.0
3553,1419,90,4,9479.51,5.0
3554,1419,21,2,20716.8,10.0
3555,1419,56,1,51601.9,0.0
3556,1419,75,1,40520.0,15.0
3557,1420,71,2,48097.15,15.0
3558,1421,33,1,29766.53,10.0
3559,1422,67,4,44330.85,15.0
3560,1422,97,4,48283.78,15.0
3561,1422,17,3,51126.99,0.0
3562,1423,5,4,55145.14,20.0
3563,1423,83,3,26329.7,10.0
3564,1423,36,2,29220.56,20.0
3565,1424,13,3,10699.88,5.0
3566,1425,90,1,9479.51,5.0
3567,1425,27,1,4568.95,15.0
3568,1426,17,1,51126.99,0.0
3569,1426,86,3,19658.07,15.0
3570,1426,15,1,38780.21,10.0
3571,1426,76,4,22659.67,5.0
3572,1427,40,1,48648.82,5.0
3573,1427,29,3,4861.83,5.0
3574,1427,26,3,44612.14,0.0
3575,1428,87,2,9968.06,15.0
3576,1429,97,2,48283.78,15.0
3577,1429,15,1,38780.21,15.0
3578,1429,43,4,19550.36,15.0
3579,1430,70,1,1424.63,0.0
3580,1431,1,4,61223.09,10.0
3581,1431,31,1,41426.86,10.0
3582,1432,72,4,3049.09,5.0
3583,1432,29,1,4861.83,5.0
3584,1432,17,2,51126.99,15.0
3585,1433,35,3,40574.09,15.0
3586,1433,8,2,22821.11,0.0
3587,1433,59,3,2005.93,20.0
3588,1434,99,4,9112.95,5.0
3589,1434,19,1,5338.31,15.0
3590,1435,63,2,17704.09,5.0
3591,1435,4,1,13786.06,20.0
3592,1435,9,1,6781.71,20.0
3593,1435,87,1,9968.06,10.0
3594,1436,76,3,22659.67,15.0
3595,1436,42,2,17365.38,5.0
3596,1436,48,3,55719.32,15.0
3597,1437,16,1,20180.87,10.0
3598,1437,84,3,48821.23,15.0
3599,1437,95,4,7395.63,0.0
3600,1437,6,1,23477.27,10.0
3601,1438,90,2,9479.51,10.0
3602,1438,45,3,13140.29,15.0
3603,1438,4,3,13786.06,0.0
3604,1439,84,3,48821.23,0.0
3605,1439,5,1,55145.14,20.0
3606,1440,3,1,4965.67,15.0
3607,1441,72,1,3049.09,10.0
3608,1441,23,4,30218.35,20.0
3609,1441,78,3,27415.0,5.0
3610,1441,17,2,51126.99,15.0
3611,1442,52,4,11464.42,20.0
3612,1443,29,2,4861.83,10.0
3613,1444,96,4,36347.49,5.0
3614,1445,44,4,49431.27,5.0
3615,1445,5,3,55145.14,5.0
3616,1446,31,1,41426.86,20.0
3617,1447,92,4,51582.74,5.0
3618,1447,64,1,47322.35,0.0
3619,1447,1,2,61223.09,0.0
3620,1448,15,2,38780.21,0.0
3621,1449,29,3,4861.83,0.0
3622,1449,65,3,25655.99,5.0
3623,1450,29,3,4861.83,0.0
3624,1450,25,3,24414.21,5.0
3625,1451,53,2,29550.3,15.0
3626,1451,76,2,22659.67,15.0
3627,1451,63,2,17704.09,20.0
3628,1452,52,1,11464.42,10.0
3629,1452,17,1,51126.99,5.0
3630,1453,39,3,60636.43,15.0
3631,1453,33,2,29766.53,0.0
3632,1454,68,4,50546.01,20.0
3633,1455,17,4,51126.99,10.0
3634,1455,50,2,15587.26,5.0
3635,1456,98,2,8416.8,15.0
3636,1456,82,2,60550.55,10.0
3637,1457,71,1,48097.15,15.0
3638,1458,23,3,30218.35,10.0
3639,1458,7,2,35676.25,20.0
3640,1458,51,3,9186.86,15.0
3641,1459,51,3,9186.86,20.0
3642,1460,8,4,22821.11,20.0
3643,1460,68,2,50546.01,15.0
3644,1460,17,3,51126.99,5.0
3645,1461,45,1,13140.29,10.0
3646,1461,95,4,7395.63,20.0
3647,1461,11,2,14798.13,20.0
3648,1461,76,2,22659.67,10.0
3649,1462,52,2,11464.42,10.0
3650,1462,53,3,29550.3,10.0
3651,1463,9,4,6781.71,0.0
3652,1463,87,1,9968.06,0.0
3653,1463,13,2,10699.88,20.0
3654,1464,69,3,9404.11,10.0
3655,1464,79,3,59063.2,10.0
3656,1464,1,3,61223.09,10.0
3657,1464,84,2,48821.23,5.0
3658,1465,88,1,9404.09,10.0
3659,1465,72,3,3049.09,0.0
3660,1466,6,3,23477.27,20.0
3661,1466,5,2,55145.14,0.0
3662,1467,36,2,29220.56,20.0
3663,1467,28,3,51188.01,15.0
3664,1467,16,2,20180.87,10.0
3665,1467,14,4,18638.1,15.0
3666,1468,95,3,7395.63,15.0
3667,1468,4,1,13786.06,5.0
3668,1468,85,2,29027.72,10.0
3669,1468,67,1,44330.85,15.0
3670,1469,94,3,21142.54,5.0
3671,1470,69,3,9404.11,5.0
3672,1470,9,4,6781.71,15.0
3673,1471,66,2,2891.58,15.0
3674,1472,93,2,35451.03,5.0
3675,1472,99,2,9112.95,0.0
3676,1473,16,3,20180.87,10.0
3677,1473,62,3,49282.11,15.0
3678,1473,46,1,39469.51,5.0
3679,1474,94,2,21142.54,20.0
3680,1474,32,4,47773.55,10.0
3681,1474,2,2,37058.41,0.0
3682,1474,83,1,26329.7,10.0
3683,1475,37,4,4157.84,10.0
3684,1475,80,1,49525.87,10.0
3685,1475,67,3,44330.85,20.0
3686,1476,38,4,45556.45,5.0
3687,1476,42,4,17365.38,5.0
3688,1476,46,4,39469.51,0.0
3689,1477,59,4,2005.93,0.0
3690,1478,57,2,28954.69,15.0
3691,1478,22,2,17067.94,15.0
3692,1478,73,1,1218.25,5.0
3693,1479,9,2,6781.71,10.0
3694,1480,10,4,36772.23,10.0
3695,1481,11,4,14798.13,20.0
3696,1481,72,3,3049.09,0.0
3697,1481,63,3,17704.09,20.0
3698,1482,54,2,14466.19,0.0
3699,1482,79,3,59063.2,20.0
3700,1482,42,4,17365.38,5.0
3701,1483,83,4,26329.7,15.0
3702,1483,51,2,9186.86,5.0
3703,1483,86,3,19658.07,10.0
3704,1484,1,4,61223.09,20.0
3705,1484,93,2,35451.03,20.0
3706,1485,6,2,23477.27,10.0
3707,1486,18,4,39067.76,15.0
3708,1487,97,4,48283.78,5.0
3709,1487,90,1,9479.51,10.0
3710,1487,23,3,30218.35,5.0
3711,1488,76,3,22659.67,0.0
3712,1488,90,2,9479.51,0.0
3713,1489,24,3,61484.98,20.0
3714,1489,19,2,5338.31,15.0
3715,1489,18,3,39067.76,5.0
3716,1490,79,1,59063.2,10.0
3717,1491,78,4,27415.0,5.0
3718,1492,51,2,9186.86,0.0
3719,1492,56,2,51601.9,10.0
3720,1493,76,2,22659.67,10.0
3721,1493,74,2,14704.14,15.0
3722,1493,52,1,11464.42,0.0
3723,1494,20,1,8509.0,5.0
3724,1494,8,3,22821.11,5.0
3725,1495,65,2,25655.99,15.0
3726,1495,71,2,48097.15,5.0
3727,1495,10,3,36772.23,20.0
3728,1495,59,4,2005.93,15.0
3729,1496,52,3,11464.42,10.0
3730,1496,96,4,36347.49,15.0
3731,1496,21,1,20716.8,15.0
3732,1497,95,4,7395.63,20.0
3733,1497,93,3,35451.03,20.0
3734,1497,90,4,9479.51,0.0
3735,1498,18,4,39067.76,10.0
3736,1498,62,1,49282.11,0.0
3737,1498,92,4,51582.74,5.0
3738,1498,57,4,28954.69,0.0
3739,1499,89,1,8490.11,5.0
3740,1499,64,1,47322.35,20.0
3741,1499,23,1,30218.35,0.0
3742,1499,30,1,29540.77,20.0
3743,1500,8,4,22821.11,10.0
3744,1500,95,4,7395.63,10.0
3745,1500,50,4,15587.26,20.0
3746,1500,70,2,1424.63,15.0
3747,1501,80,1,49525.87,10.0
3748,1501,43,4,19550.36,0.0
3749,1502,67,3,44330.85,20.0
3750,1502,48,4,55719.32,10.0
3751,1503,28,3,51188.01,15.0
3752,1503,45,2,13140.29,15.0
3753,1504,93,4,35451.03,10.0
3754,1504,88,2,9404.09,15.0
3755,1504,52,3,11464.42,0.0
3756,1505,81,4,46748.32,5.0
3757,1506,13,2,10699.88,5.0
3758,1506,8,2,22821.11,0.0
3759,1506,86,2,19658.07,5.0
3760,1506,64,4,47322.35,5.0
3761,1507,74,3,14704.14,5.0
3762,1508,22,2,17067.94,15.0
3763,1508,4,2,13786.06,15.0
3764,1508,78,1,27415.0,10.0
3765,1509,94,4,21142.54,0.0
3766,1509,36,4,29220.56,20.0
3767,1509,47,3,23051.77,10.0
3768,1509,48,4,55719.32,15.0
3769,1510,66,2,2891.58,0.0
3770,1510,18,4,39067.76,5.0
3771,1510,44,3,49431.27,10.0
3772,1510,87,4,9968.06,20.0
3773,1511,91,4,19216.8,5.0
3774,1511,63,3,17704.09,5.0
3775,1511,7,4,35676.25,15.0
3776,1511,12,2,18914.62,0.0
3777,1512,25,2,24414.21,20.0
3778,1513,58,2,33801.25,0.0
3779,1514,51,1,9186.86,15.0
3780,1514,95,4,7395.63,0.0
3781,1514,70,4,1424.63,5.0
3782,1515,26,2,44612.14,10.0
3783,1515,15,2,38780.21,15.0
3784,1516,16,4,20180.87,10.0
3785,1516,33,4,29766.53,10.0
3786,1516,100,3,47242.23,20.0
3787,1516,50,3,15587.26,5.0
3788,1517,1,1,61223.09,15.0
3789,1517,66,2,2891.58,0.0
3790,1518,72,3,3049.09,10.0
3791,1518,65,1,25655.99,5.0
3792,1518,17,1,51126.99,10.0
3793,1519,54,1,14466.19,10.0
3794,1519,96,1,36347.49,20.0
3795,1519,31,2,41426.86,15.0
3796,1520,33,1,29766.53,10.0
3797,1521,9,3,6781.71,10.0
3798,1522,43,2,19550.36,20.0
3799,1522,42,1,17365.38,0.0
3800,1523,68,2,50546.01,10.0
3801,1523,9,1,6781.71,5.0
3802,1524,57,4,28954.69,0.0
3803,1524,61,2,32317.12,5.0
3804,1524,51,3,9186.86,15.0
3805,1524,47,2,23051.77,5.0
3806,1525,27,1,4568.95,20.0
3807,1525,50,3,15587.26,5.0
3808,1525,34,3,1627.35,0.0
3809,1526,43,4,19550.36,5.0
3810,1527,100,1,47242.23,15.0
3811,1527,99,3,9112.95,20.0
3812,1528,72,3,3049.09,10.0
3813,1528,62,1,49282.11,20.0
3814,1528,11,2,14798.13,5.0
3815,1528,25,1,24414.21,10.0
3816,1529,10,2,36772.23,15.0
3817,1529,24,1,61484.98,5.0
3818,1529,16,2,20180.87,0.0
3819,1529,18,2,39067.76,10.0
3820,1530,50,1,15587.26,15.0
3821,1530,80,4,49525.87,20.0
3822,1531,81,4,46748.32,15.0
3823,1531,78,4,27415.0,15.0
3824,1532,85,2,29027.72,15.0
3825,1532,93,4,35451.03,20.0
3826,1532,57,1,28954.69,20.0
3827,1532,42,4,17365.38,0.0
3828,1533,21,4,20716.8,15.0
3829,1534,41,1,7195.64,20.0
3830,1534,91,3,19216.8,15.0
3831,1534,62,4,49282.11,0.0
3832,1535,83,1,26329.7,10.0
3833,1535,74,4,14704.14,10.0
3834,1535,70,2,1424.63,5.0
3835,1535,13,3,10699.88,20.0
3836,1536,71,2,48097.15,10.0
3837,1536,100,2,47242.23,20.0
3838,1536,78,3,27415.0,10.0
3839,1537,78,4,27415.0,5.0
3840,1537,52,1,11464.42,15.0
3841,1538,33,4,29766.53,10.0
3842,1538,65,1,25655.99,0.0
3843,1538,73,3,1218.25,15.0
3844,1539,1,1,61223.09,10.0
3845,1539,70,3,1424.63,10.0
3846,1539,79,3,59063.2,10.0
3847,1540,29,3,4861.83,20.0
3848,1540,32,3,47773.55,0.0
3849,1540,60,3,6814.56,5.0
3850,1541,20,4,8509.0,10.0
3851,1542,14,3,18638.1,15.0
3852,1543,11,1,14798.13,5.0
3853,1543,36,1,29220.56,10.0
3854,1544,20,1,8509.0,15.0
3855,1545,40,1,48648.82,20.0
3856,1545,94,3,21142.54,5.0
3857,1546,12,3,18914.62,10.0
3858,1546,71,1,48097.15,0.0
3859,1546,55,3,26946.51,15.0
3860,1547,42,2,17365.38,20.0
3861,1548,92,4,51582.74,5.0
3862,1548,51,1,9186.86,0.0
3863,1548,35,2,40574.09,0.0
3864,1548,27,1,4568.95,15.0
3865,1549,52,4,11464.42,0.0
3866,1549,23,4,30218.35,0.0
3867,1549,57,1,28954.69,0.0
3868,1549,67,1,44330.85,10.0
3869,1550,2,3,37058.41,15.0
3870,1550,30,1,29540.77,5.0
3871,1550,73,4,1218.25,10.0
3872,1551,94,1,21142.54,5.0
3873,1552,81,2,46748.32,15.0
3874,1552,7,4,35676.25,15.0
3875,1552,51,4,9186.86,10.0
3876,1553,54,2,14466.19,15.0
3877,1554,70,2,1424.63,15.0
3878,1555,38,1,45556.45,5.0
3879,1555,22,2,17067.94,0.0
3880,1556,20,4,8509.0,15.0
3881,1556,34,2,1627.35,10.0
3882,1556,24,3,61484.98,0.0
3883,1556,26,4,44612.14,5.0
3884,1557,53,4,29550.3,15.0
3885,1558,60,4,6814.56,5.0
3886,1558,40,1,48648.82,0.0
3887,1559,80,4,49525.87,0.0
3888,1559,98,2,8416.8,20.0
3889,1559,3,1,4965.67,15.0
3890,1560,44,2,49431.27,20.0
3891,1560,94,3,21142.54,0.0
3892,1561,25,1,24414.21,15.0
3893,1561,65,4,25655.99,20.0
3894,1562,95,3,7395.63,15.0
3895,1562,31,4,41426.86,20.0
3896,1562,15,4,38780.21,0.0
3897,1563,21,3,20716.8,10.0
3898,1564,80,4,49525.87,10.0
3899,1564,82,1,60550.55,5.0
3900,1564,8,2,22821.11,20.0
3901,1564,70,1,1424.63,0.0
3902,1565,57,1,28954.69,15.0
3903,1565,15,1,38780.21,5.0
3904,1565,56,4,51601.9,5.0
3905,1566,38,3,45556.45,10.0
3906,1566,41,4,7195.64,10.0
3907,1566,61,4,32317.12,15.0
3908,1567,13,2,10699.88,15.0
3909,1567,12,2,18914.62,0.0
3910,1567,55,3,26946.51,10.0
3911,1567,45,1,13140.29,5.0
3912,1568,70,1,1424.63,0.0
3913,1569,77,4,15588.88,5.0
3914,1569,47,2,23051.77,0.0
3915,1570,47,3,23051.77,0.0
3916,1570,63,2,17704.09,15.0
3917,1571,58,3,33801.25,5.0
3918,1571,51,2,9186.86,15.0
3919,1571,100,4,47242.23,15.0
3920,1572,27,4,4568.95,0.0
3921,1572,4,1,13786.06,10.0
3922,1572,77,4,15588.88,0.0
3923,1573,27,2,4568.95,10.0
3924,1573,63,2,17704.09,15.0
3925,1573,19,2,5338.31,20.0
3926,1573,73,1,1218.25,15.0
3927,1574,11,1,14798.13,5.0
3928,1574,15,2,38780.21,20.0
3929,1574,60,1,6814.56,20.0
3930,1575,93,1,35451.03,15.0
3931,1575,30,2,29540.77,0.0
3932,1575,83,4,26329.7,5.0
3933,1576,21,4,20716.8,5.0
3934,1576,54,4,14466.19,10.0
3935,1576,37,2,4157.84,0.0
3936,1576,90,3,9479.51,5.0
3937,1577,7,4,35676.25,20.0
3938,1577,65,2,25655.99,20.0
3939,1577,63,4,17704.09,0.0
3940,1578,52,2,11464.42,5.0
3941,1578,74,3,14704.14,10.0
3942,1579,5,2,55145.14,0.0
3943,1580,13,3,10699.88,10.0
3944,1580,27,1,4568.95,20.0
3945,1580,63,4,17704.09,10.0
3946,1580,45,1,13140.29,10.0
3947,1581,23,2,30218.35,10.0
3948,1581,92,3,51582.74,10.0
3949,1581,73,2,1218.25,15.0
3950,1582,5,1,55145.14,20.0
3951,1582,74,4,14704.14,0.0
3952,1582,62,1,49282.11,5.0
3953,1583,26,4,44612.14,15.0
3954,1583,63,1,17704.09,10.0
3955,1583,25,1,24414.21,10.0
3956,1583,91,4,19216.8,20.0
3957,1584,24,1,61484.98,5.0
3958,1584,13,3,10699.88,15.0
3959,1584,19,2,5338.31,0.0
3960,1584,16,2,20180.87,0.0
3961,1585,20,4,8509.0,15.0
3962,1585,89,2,8490.11,5.0
3963,1585,12,2,18914.62,5.0
3964,1586,21,2,20716.8,0.0
3965,1586,78,2,27415.0,15.0
3966,1586,55,2,26946.51,5.0
3967,1586,18,2,39067.76,20.0
3968,1587,7,2,35676.25,5.0
3969,1587,85,4,29027.72,20.0
3970,1587,91,3,19216.8,10.0
3971,1588,20,1,8509.0,15.0
3972,1588,82,4,60550.55,10.0
3973,1588,69,2,9404.11,5.0
3974,1588,48,1,55719.32,10.0
3975,1589,80,2,49525.87,5.0
3976,1590,25,1,24414.21,15.0
3977,1591,78,4,27415.0,0.0
3978,1591,57,1,28954.69,20.0
3979,1592,76,2,22659.67,5.0
3980,1592,63,3,17704.09,0.0
3981,1593,21,4,20716.8,5.0
3982,1593,51,4,9186.86,20.0
3983,1594,94,3,21142.54,20.0
3984,1594,21,4,20716.8,5.0
3985,1594,15,3,38780.21,15.0
3986,1595,12,3,18914.62,20.0
3987,1595,92,2,51582.74,0.0
3988,1595,52,4,11464.42,15.0
3989,1595,54,3,14466.19,0.0
3990,1596,8,2,22821.11,10.0
3991,1596,52,3,11464.42,15.0
3992,1596,60,1,6814.56,20.0
3993,1596,99,1,9112.95,5.0
3994,1597,36,2,29220.56,15.0
3995,1597,33,4,29766.53,5.0
3996,1598,6,1,23477.27,15.0
3997,1598,67,1,44330.85,20.0
3998,1599,58,2,33801.25,5.0
3999,1599,51,4,9186.86,10.0
4000,1600,27,2,4568.95,20.0
4001,1601,55,1,26946.51,20.0
4002,1601,39,4,60636.43,5.0
4003,1601,13,1,10699.88,5.0
4004,1601,38,2,45556.45,10.0
4005,1602,13,1,10699.88,15.0
4006,1602,74,1,14704.14,15.0
4007,1602,84,4,48821.23,10.0
4008,1602,94,3,21142.54,15.0
4009,1603,29,3,4861.83,0.0
4010,1603,36,2,29220.56,5.0
4011,1603,20,1,8509.0,20.0
4012,1603,57,3,28954.69,20.0
4013,1604,85,1,29027.72,0.0
4014,1604,4,1,13786.06,20.0
4015,1604,88,3,9404.09,5.0
4016,1604,7,1,35676.25,0.0
4017,1605,75,4,40520.0,5.0
4018,1605,90,2,9479.51,15.0
4019,1606,92,4,51582.74,0.0
4020,1607,63,3,17704.09,5.0
4021,1608,43,1,19550.36,0.0
4022,1608,47,1,23051.77,20.0
4023,1608,67,2,44330.85,5.0
4024,1609,87,1,9968.06,5.0
4025,1609,23,1,30218.35,15.0
4026,1609,36,4,29220.56,15.0
4027,1609,42,2,17365.38,10.0
4028,1610,83,2,26329.7,15.0
4029,1610,50,3,15587.26,5.0
4030,1610,42,4,17365.38,10.0
4031,1610,58,4,33801.25,15.0
4032,1611,33,4,29766.53,15.0
4033,1611,84,3,48821.23,10.0
4034,1611,26,3,44612.14,5.0
4035,1611,96,2,36347.49,5.0
4036,1612,90,3,9479.51,10.0
4037,1613,98,3,8416.8,5.0
4038,1613,54,1,14466.19,10.0
4039,1613,12,1,18914.62,5.0
4040,1613,59,4,2005.93,5.0
4041,1614,31,3,41426.86,0.0
4042,1614,1,4,61223.09,0.0
4043,1615,1,4,61223.09,15.0
4044,1615,82,4,60550.55,0.0
4045,1615,70,3,1424.63,20.0
4046,1616,51,2,9186.86,0.0
4047,1616,97,4,48283.78,15.0
4048,1617,96,2,36347.49,15.0
4049,1617,19,1,5338.31,15.0
4050,1618,35,2,40574.09,20.0
4051,1618,8,1,22821.11,0.0
4052,1618,96,1,36347.49,5.0
4053,1619,50,1,15587.26,10.0
4054,1619,28,4,51188.01,10.0
4055,1619,25,1,24414.21,10.0
4056,1620,31,2,41426.86,10.0
4057,1620,93,3,35451.03,20.0
4058,1621,34,1,1627.35,0.0
4059,1621,3,1,4965.67,15.0
4060,1621,1,1,61223.09,15.0
4061,1621,100,4,47242.23,0.0
4062,1622,94,3,21142.54,20.0
4063,1622,25,1,24414.21,10.0
4064,1622,55,3,26946.51,15.0
4065,1623,99,4,9112.95,5.0
4066,1623,71,4,48097.15,15.0
4067,1623,93,1,35451.03,10.0
4068,1623,91,1,19216.8,15.0
4069,1624,7,4,35676.25,20.0
4070,1624,36,2,29220.56,20.0
4071,1625,45,2,13140.29,15.0
4072,1625,35,3,40574.09,5.0
4073,1625,70,2,1424.63,10.0
4074,1626,6,3,23477.27,0.0
4075,1627,22,4,17067.94,0.0
4076,1627,77,4,15588.88,10.0
4077,1627,39,1,60636.43,15.0
4078,1628,37,3,4157.84,15.0
4079,1629,49,2,6186.77,20.0
4080,1629,85,3,29027.72,0.0
4081,1630,35,3,40574.09,0.0
4082,1630,100,2,47242.23,20.0
4083,1630,10,3,36772.23,10.0
4084,1630,41,1,7195.64,20.0
4085,1631,54,3,14466.19,0.0
4086,1631,90,2,9479.51,10.0
4087,1632,39,4,60636.43,20.0
4088,1633,91,1,19216.8,10.0
4089,1633,98,4,8416.8,0.0
4090,1633,86,3,19658.07,15.0
4091,1633,20,2,8509.0,15.0
4092,1634,35,4,40574.09,10.0
4093,1635,12,3,18914.62,20.0
4094,1636,11,2,14798.13,5.0
4095,1637,30,3,29540.77,20.0
4096,1638,83,4,26329.7,0.0
4097,1638,70,3,1424.63,15.0
4098,1639,65,3,25655.99,10.0
4099,1639,3,2,4965.67,5.0
4100,1639,40,1,48648.82,15.0
4101,1639,45,2,13140.29,15.0
4102,1640,40,2,48648.82,20.0
4103,1640,24,2,61484.98,20.0
4104,1641,46,2,39469.51,20.0
4105,1641,42,3,17365.38,0.0
4106,1642,3,3,4965.67,5.0
4107,1643,14,1,18638.1,5.0
4108,1643,82,1,60550.55,15.0
4109,1644,52,3,11464.42,5.0
4110,1644,31,4,41426.86,20.0
4111,1644,19,1,5338.31,0.0
4112,1645,15,3,38780.21,0.0
4113,1645,85,1,29027.72,0.0
4114,1646,51,4,9186.86,5.0
4115,1647,24,3,61484.98,10.0
4116,1647,99,1,9112.95,20.0
4117,1648,17,3,51126.99,0.0
4118,1649,60,1,6814.56,5.0
4119,1650,10,3,36772.23,15.0
4120,1650,19,4,5338.31,5.0
4121,1650,76,1,22659.67,20.0
4122,1651,36,4,29220.56,10.0
4123,1651,18,4,39067.76,20.0
4124,1651,3,2,4965.67,20.0
4125,1652,31,4,41426.86,20.0
4126,1652,1,1,61223.09,0.0
4127,1653,73,2,1218.25,10.0
4128,1653,53,4,29550.3,5.0
4129,1653,26,3,44612.14,20.0
4130,1654,54,3,14466.19,20.0
4131,1655,73,4,1218.25,5.0
4132,1656,39,1,60636.43,0.0
4133,1656,66,4,2891.58,20.0
4134,1656,49,3,6186.77,10.0
4135,1657,61,3,32317.12,10.0
4136,1657,100,4,47242.23,15.0
4137,1658,24,4,61484.98,10.0
4138,1658,65,1,25655.99,5.0
4139,1659,55,4,26946.51,10.0
4140,1659,86,3,19658.07,10.0
4141,1659,5,3,55145.14,15.0
4142,1659,62,2,49282.11,15.0
4143,1660,92,3,51582.74,0.0
4144,1660,75,2,40520.0,15.0
4145,1661,39,3,60636.43,0.0
4146,1661,24,2,61484.98,5.0
4147,1662,97,1,48283.78,20.0
4148,1662,16,1,20180.87,5.0
4149,1662,74,3,14704.14,20.0
4150,1662,8,3,22821.11,0.0
4151,1663,77,3,15588.88,0.0
4152,1664,40,1,48648.82,0.0
4153,1664,1,2,61223.09,10.0
4154,1664,25,2,24414.21,15.0
4155,1665,5,3,55145.14,20.0
4156,1666,37,3,4157.84,0.0
4157,1667,34,4,1627.35,15.0
4158,1667,53,4,29550.3,10.0
4159,1667,67,1,44330.85,10.0
4160,1667,22,4,17067.94,15.0
4161,1668,30,3,29540.77,5.0
4162,1668,63,1,17704.09,15.0
4163,1668,60,4,6814.56,20.0
4164,1669,81,2,46748.32,10.0
4165,1669,98,2,8416.8,5.0
4166,1669,52,1,11464.42,0.0
4167,1670,30,2,29540.77,20.0
4168,1670,99,3,9112.95,15.0
4169,1671,91,1,19216.8,20.0
4170,1672,56,2,51601.9,15.0
4171,1672,99,2,9112.95,0.0
4172,1672,86,2,19658.07,0.0
4173,1672,59,4,2005.93,5.0
4174,1673,43,4,19550.36,15.0
4175,1673,83,2,26329.7,20.0
4176,1673,34,4,1627.35,20.0
4177,1673,23,1,30218.35,20.0
4178,1674,63,3,17704.09,5.0
4179,1675,95,4,7395.63,0.0
4180,1676,15,2,38780.21,15.0
4181,1676,57,2,28954.69,0.0
4182,1676,32,3,47773.55,15.0
4183,1677,1,4,61223.09,5.0
4184,1677,18,4,39067.76,5.0
4185,1678,62,1,49282.11,0.0
4186,1678,76,4,22659.67,0.0
4187,1679,78,3,27415.0,20.0
4188,1680,66,1,2891.58,10.0
4189,1681,91,2,19216.8,5.0
4190,1682,69,2,9404.11,10.0
4191,1682,7,2,35676.25,5.0
4192,1682,51,1,9186.86,10.0
4193,1682,79,2,59063.2,5.0
4194,1683,90,4,9479.51,0.0
4195,1683,3,2,4965.67,0.0
4196,1683,11,1,14798.13,0.0
4197,1683,86,4,19658.07,0.0
4198,1684,84,1,48821.23,15.0
4199,1684,90,4,9479.51,15.0
4200,1684,16,2,20180.87,15.0
4201,1684,63,4,17704.09,20.0
4202,1685,74,1,14704.14,10.0
4203,1685,78,2,27415.0,5.0
4204,1685,72,2,3049.09,0.0
4205,1686,41,3,7195.64,0.0
4206,1686,42,4,17365.38,0.0
4207,1687,31,2,41426.86,20.0
4208,1688,83,2,26329.7,5.0
4209,1688,38,1,45556.45,15.0
4210,1688,25,3,24414.21,15.0
4211,1689,87,4,9968.06,15.0
4212,1689,3,2,4965.67,20.0
4213,1689,52,3,11464.42,20.0
4214,1690,20,1,8509.0,5.0
4215,1690,74,2,14704.14,10.0
4216,1690,98,3,8416.8,5.0
4217,1690,19,3,5338.31,0.0
4218,1691,27,3,4568.95,5.0
4219,1691,66,4,2891.58,20.0
4220,1692,99,3,9112.95,15.0
4221,1692,34,4,1627.35,0.0
4222,1692,49,1,6186.77,0.0
4223,1692,73,3,1218.25,20.0
4224,1693,14,2,18638.1,5.0
4225,1694,61,4,32317.12,5.0
4226,1695,23,1,30218.35,10.0
4227,1696,37,1,4157.84,15.0
4228,1697,5,3,55145.14,0.0
4229,1697,8,2,22821.11,15.0
4230,1698,40,4,48648.82,20.0
4231,1698,12,2,18914.62,5.0
4232,1699,74,4,14704.14,5.0
4233,1700,30,4,29540.77,5.0
4234,1700,91,4,19216.8,5.0
4235,1700,24,2,61484.98,10.0
4236,1701,100,1,47242.23,10.0
4237,1701,80,2,49525.87,10.0
4238,1701,38,1,45556.45,5.0
4239,1702,98,1,8416.8,10.0
4240,1703,18,2,39067.76,20.0
4241,1704,83,4,26329.7,5.0
4242,1704,96,3,36347.49,15.0
4243,1705,50,4,15587.26,5.0
4244,1705,82,2,60550.55,5.0
4245,1705,17,3,51126.99,0.0
4246,1706,78,1,27415.0,0.0
4247,1707,40,1,48648.82,10.0
4248,1707,4,1,13786.06,5.0
4249,1708,95,4,7395.63,0.0
4250,1709,89,2,8490.11,0.0
4251,1710,42,3,17365.38,15.0
4252,1711,38,2,45556.45,10.0
4253,1712,21,2,20716.8,0.0
4254,1712,82,1,60550.55,15.0
4255,1713,4,2,13786.06,10.0
4256,1713,48,3,55719.32,5.0
4257,1713,29,2,4861.83,15.0
4258,1713,57,1,28954.69,0.0
4259,1714,12,3,18914.62,15.0
4260,1714,54,4,14466.19,15.0
4261,1714,74,3,14704.14,0.0
4262,1714,21,4,20716.8,0.0
4263,1715,45,1,13140.29,10.0
4264,1715,29,2,4861.83,15.0
4265,1716,95,3,7395.63,0.0
4266,1716,75,4,40520.0,5.0
4267,1716,17,4,51126.99,0.0
4268,1717,13,1,10699.88,10.0
4269,1717,39,1,60636.43,20.0
4270,1717,87,4,9968.06,0.0
4271,1717,60,1,6814.56,15.0
4272,1718,41,3,7195.64,10.0
4273,1718,96,2,36347.49,5.0
4274,1718,81,3,46748.32,10.0
4275,1719,10,4,36772.23,20.0
4276,1719,89,3,8490.11,5.0
4277,1720,92,1,51582.74,15.0
4278,1720,24,1,61484.98,0.0
4279,1720,56,2,51601.9,15.0
4280,1721,27,2,4568.95,5.0
4281,1721,29,4,4861.83,5.0
4282,1722,75,3,40520.0,5.0
4283,1722,33,1,29766.53,20.0
4284,1723,59,1,2005.93,10.0
4285,1723,34,4,1627.35,10.0
4286,1724,84,3,48821.23,5.0
4287,1724,86,4,19658.07,5.0
4288,1724,60,4,6814.56,0.0
4289,1725,11,4,14798.13,10.0
4290,1725,50,1,15587.26,15.0
4291,1725,73,2,1218.25,0.0
4292,1726,21,1,20716.8,10.0
4293,1726,99,1,9112.95,10.0
4294,1727,75,1,40520.0,20.0
4295,1728,27,4,4568.95,20.0
4296,1729,11,4,14798.13,20.0
4297,1730,16,3,20180.87,0.0
4298,1730,17,3,51126.99,20.0
4299,1731,99,4,9112.95,5.0
4300,1732,33,2,29766.53,5.0
4301,1733,78,4,27415.0,20.0
4302,1733,32,4,47773.55,0.0
4303,1733,6,2,23477.27,10.0
4304,1733,16,1,20180.87,20.0
4305,1734,26,3,44612.14,0.0
4306,1734,72,2,3049.09,15.0
4307,1734,84,2,48821.23,5.0
4308,1735,67,2,44330.85,10.0
4309,1735,96,1,36347.49,0.0
4310,1736,39,1,60636.43,5.0
4311,1736,100,1,47242.23,0.0
4312,1737,95,2,7395.63,10.0
4313,1737,19,4,5338.31,20.0
4314,1738,98,1,8416.8,5.0
4315,1738,40,2,48648.82,5.0
4316,1738,5,4,55145.14,15.0
4317,1738,100,1,47242.23,15.0
4318,1739,97,1,48283.78,15.0
4319,1739,52,4,11464.42,15.0
4320,1739,94,1,21142.54,10.0
4321,1740,58,3,33801.25,15.0
4322,1740,5,4,55145.14,10.0
4323,1740,54,4,14466.19,5.0
4324,1740,66,2,2891.58,20.0
4325,1741,34,4,1627.35,15.0
4326,1741,56,1,51601.9,0.0
4327,1742,11,3,14798.13,0.0
4328,1742,20,3,8509.0,20.0
4329,1742,23,4,30218.35,5.0
4330,1742,42,3,17365.38,5.0
4331,1743,24,4,61484.98,20.0
4332,1743,22,1,17067.94,0.0
4333,1743,90,4,9479.51,0.0
4334,1743,49,2,6186.77,20.0
4335,1744,1,2,61223.09,15.0
4336,1744,98,3,8416.8,10.0
4337,1745,99,4,9112.95,15.0
4338,1745,26,3,44612.14,5.0
4339,1745,97,1,48283.78,20.0
4340,1745,77,3,15588.88,10.0
4341,1746,25,2,24414.21,15.0
4342,1746,16,2,20180.87,5.0
4343,1746,85,1,29027.72,0.0
4344,1746,29,1,4861.83,5.0
4345,1747,51,1,9186.86,0.0
4346,1747,85,2,29027.72,15.0
4347,1748,41,2,7195.64,0.0
4348,1749,24,1,61484.98,15.0
4349,1750,75,3,40520.0,15.0
4350,1750,88,2,9404.09,5.0
4351,1750,76,1,22659.67,0.0
4352,1750,61,1,32317.12,5.0
4353,1751,59,4,2005.93,15.0
4354,1751,19,2,5338.31,0.0
4355,1751,33,4,29766.53,15.0
4356,1751,60,1,6814.56,10.0
4357,1752,41,4,7195.64,10.0
4358,1752,91,3,19216.8,20.0
4359,1752,20,2,8509.0,15.0
4360,1752,99,1,9112.95,15.0
4361,1753,93,1,35451.03,0.0
4362,1753,86,2,19658.07,10.0
4363,1753,33,4,29766.53,20.0
4364,1754,34,4,1627.35,0.0
4365,1754,61,1,32317.12,0.0
4366,1754,49,1,6186.77,0.0
4367,1755,3,2,4965.67,15.0
4368,1756,33,4,29766.53,0.0
4369,1757,100,4,47242.23,0.0
4370,1757,33,3,29766.53,15.0
4371,1757,50,1,15587.26,0.0
4372,1757,71,3,48097.15,5.0
4373,1758,33,3,29766.53,5.0
4374,1758,34,1,1627.35,0.0
4375,1758,13,1,10699.88,20.0
4376,1758,19,2,5338.31,5.0
4377,1759,60,1,6814.56,15.0
4378,1759,10,2,36772.23,0.0
4379,1759,53,3,29550.3,10.0
4380,1760,75,2,40520.0,20.0
4381,1760,53,3,29550.3,5.0
4382,1760,16,1,20180.87,15.0
4383,1760,92,2,51582.74,0.0
4384,1761,65,4,25655.99,5.0
4385,1762,62,1,49282.11,0.0
4386,1763,24,3,61484.98,15.0
4387,1763,3,1,4965.67,20.0
4388,1763,52,1,11464.42,20.0
4389,1764,67,4,44330.85,15.0
4390,1764,77,2,15588.88,10.0
4391,1764,78,2,27415.0,10.0
4392,1764,45,3,13140.29,15.0
4393,1765,83,3,26329.7,10.0
4394,1765,10,2,36772.23,5.0
4395,1766,94,4,21142.54,10.0
4396,1766,3,3,4965.67,10.0
4397,1767,62,4,49282.11,20.0
4398,1767,90,1,9479.51,20.0
4399,1767,72,3,3049.09,10.0
4400,1768,17,3,51126.99,20.0
4401,1768,89,4,8490.11,0.0
4402,1768,69,3,9404.11,5.0
4403,1768,58,1,33801.25,20.0
4404,1769,39,3,60636.43,10.0
4405,1769,43,1,19550.36,10.0
4406,1769,78,4,27415.0,5.0
4407,1769,92,2,51582.74,5.0
4408,1770,65,1,25655.99,15.0
4409,1770,38,1,45556.45,5.0
4410,1771,69,2,9404.11,15.0
4411,1771,33,4,29766.53,10.0
4412,1771,35,3,40574.09,20.0
4413,1771,91,4,19216.8,5.0
4414,1772,44,3,49431.27,20.0
4415,1773,16,1,20180.87,5.0
4416,1773,32,2,47773.55,20.0
4417,1774,2,3,37058.41,15.0
4418,1774,52,4,11464.42,10.0
4419,1774,71,3,48097.15,5.0
4420,1775,15,2,38780.21,15.0
4421,1776,86,2,19658.07,5.0
4422,1776,68,3,50546.01,15.0
4423,1776,43,2,19550.36,0.0
4424,1776,59,4,2005.93,5.0
4425,1777,32,3,47773.55,15.0
4426,1777,61,2,32317.12,0.0
4427,1777,17,1,51126.99,10.0
4428,1778,41,2,7195.64,5.0
4429,1778,3,1,4965.67,15.0
4430,1778,59,2,2005.93,20.0
4431,1779,9,4,6781.71,15.0
4432,1779,71,2,48097.15,15.0
4433,1780,51,4,9186.86,5.0
4434,1780,76,1,22659.67,20.0
4435,1780,78,1,27415.0,20.0
4436,1780,96,1,36347.49,20.0
4437,1781,4,4,13786.06,15.0
4438,1781,85,1,29027.72,5.0
4439,1781,30,3,29540.77,15.0
4440,1782,8,4,22821.11,5.0
4441,1782,41,4,7195.64,0.0
4442,1783,42,4,17365.38,20.0
4443,1783,36,3,29220.56,5.0
4444,1783,80,1,49525.87,10.0
4445,1783,84,1,48821.23,10.0
4446,1784,5,3,55145.14,15.0
4447,1784,89,2,8490.11,0.0
4448,1784,11,2,14798.13,15.0
4449,1784,60,4,6814.56,5.0
4450,1785,32,4,47773.55,10.0
4451,1785,87,3,9968.06,10.0
4452,1786,37,1,4157.84,10.0
4453,1786,27,1,4568.95,20.0
4454,1786,73,4,1218.25,5.0
4455,1787,51,1,9186.86,10.0
4456,1787,21,1,20716.8,20.0
4457,1788,45,4,13140.29,10.0
4458,1789,16,3,20180.87,0.0
4459,1790,61,3,32317.12,0.0
4460,1790,38,4,45556.45,20.0
4461,1791,36,2,29220.56,10.0
4462,1792,89,2,8490.11,10.0
4463,1792,66,1,2891.58,5.0
4464,1793,28,1,51188.01,5.0
4465,1793,96,1,36347.49,15.0
4466,1793,17,4,51126.99,0.0
4467,1794,70,3,1424.63,10.0
4468,1794,48,1,55719.32,10.0
4469,1795,98,4,8416.8,0.0
4470,1795,90,3,9479.51,20.0
4471,1795,51,3,9186.86,20.0
4472,1796,63,1,17704.09,0.0
4473,1796,88,2,9404.09,15.0
4474,1797,47,4,23051.77,5.0
4475,1797,39,2,60636.43,10.0
4476,1798,33,3,29766.53,10.0
4477,1798,69,4,9404.11,0.0
4478,1798,8,1,22821.11,20.0
4479,1799,100,2,47242.23,15.0
4480,1799,40,2,48648.82,0.0
4481,1799,45,1,13140.29,20.0
4482,1799,53,2,29550.3,0.0
4483,1800,63,3,17704.09,5.0
4484,1800,49,1,6186.77,20.0
4485,1800,76,3,22659.67,15.0
4486,1800,97,2,48283.78,10.0
4487,1801,43,4,19550.36,15.0
4488,1801,68,1,50546.01,10.0
4489,1802,20,3,8509.0,20.0
4490,1802,54,4,14466.19,10.0
4491,1802,39,1,60636.43,10.0
4492,1802,33,4,29766.53,10.0
4493,1803,75,2,40520.0,5.0
4494,1803,42,3,17365.38,15.0
4495,1803,44,4,49431.27,20.0
4496,1804,57,1,28954.69,0.0
4497,1804,75,2,40520.0,15.0
4498,1804,45,4,13140.29,20.0
4499,1804,34,3,1627.35,0.0
4500,1805,45,4,13140.29,20.0
4501,1805,84,3,48821.23,20.0
4502,1805,92,4,51582.74,20.0
4503,1805,22,2,17067.94,15.0
4504,1806,98,2,8416.8,20.0
4505,1806,23,3,30218.35,5.0
4506,1806,39,3,60636.43,20.0
4507,1806,37,2,4157.84,10.0
4508,1807,56,2,51601.9,15.0
4509,1807,83,1,26329.7,5.0
4510,1807,96,1,36347.49,20.0
4511,1808,11,4,14798.13,0.0
4512,1808,30,4,29540.77,20.0
4513,1808,32,1,47773.55,5.0
4514,1808,80,2,49525.87,20.0
4515,1809,31,1,41426.86,20.0
4516,1809,96,2,36347.49,15.0
4517,1809,95,2,7395.63,20.0
4518,1809,90,4,9479.51,5.0
4519,1810,6,4,23477.27,20.0
4520,1810,14,3,18638.1,5.0
4521,1811,73,2,1218.25,0.0
4522,1812,56,4,51601.9,5.0
4523,1813,61,1,32317.12,5.0
4524,1813,37,2,4157.84,10.0
4525,1813,25,2,24414.21,10.0
4526,1813,72,4,3049.09,15.0
4527,1814,97,1,48283.78,0.0
4528,1814,68,4,50546.01,20.0
4529,1815,87,4,9968.06,20.0
4530,1815,66,2,2891.58,15.0
4531,1816,90,2,9479.51,10.0
4532,1817,78,3,27415.0,10.0
4533,1817,73,4,1218.25,5.0
4534,1817,96,3,36347.49,5.0
4535,1818,37,4,4157.84,15.0
4536,1818,26,1,44612.14,5.0
4537,1819,72,4,3049.09,5.0
4538,1820,99,2,9112.95,10.0
4539,1820,56,4,51601.9,15.0
4540,1821,2,2,37058.41,15.0
4541,1821,76,1,22659.67,5.0
4542,1821,72,4,3049.09,10.0
4543,1822,58,4,33801.25,5.0
4544,1822,62,1,49282.11,20.0
4545,1822,69,2,9404.11,5.0
4546,1823,56,3,51601.9,20.0
4547,1824,71,2,48097.15,5.0
4548,1824,54,1,14466.19,20.0
4549,1824,87,3,9968.06,20.0
4550,1825,42,2,17365.38,20.0
4551,1825,5,3,55145.14,20.0
4552,1825,80,1,49525.87,5.0
4553,1825,15,1,38780.21,0.0
4554,1826,35,2,40574.09,0.0
4555,1826,25,4,24414.21,5.0
4556,1826,38,2,45556.45,15.0
4557,1826,51,3,9186.86,5.0
4558,1827,43,2,19550.36,15.0
4559,1827,60,1,6814.56,15.0
4560,1827,29,3,4861.83,15.0
4561,1828,72,4,3049.09,10.0
4562,1828,6,1,23477.27,10.0
4563,1829,40,3,48648.82,10.0
4564,1829,45,2,13140.29,10.0
4565,1829,100,3,47242.23,10.0
4566,1829,10,2,36772.23,0.0
4567,1830,34,2,1627.35,5.0
4568,1830,61,3,32317.12,0.0
4569,1830,38,1,45556.45,0.0
4570,1831,30,2,29540.77,10.0
4571,1831,50,2,15587.26,10.0
4572,1832,93,3,35451.03,0.0
4573,1832,100,3,47242.23,5.0
4574,1833,5,4,55145.14,20.0
4575,1833,79,3,59063.2,10.0
4576,1834,9,3,6781.71,20.0
4577,1834,24,1,61484.98,5.0
4578,1834,48,2,55719.32,15.0
4579,1834,100,3,47242.23,5.0
4580,1835,39,1,60636.43,15.0
4581,1836,44,1,49431.27,10.0
4582,1836,94,1,21142.54,0.0
4583,1836,51,3,9186.86,20.0
4584,1836,24,3,61484.98,0.0
4585,1837,90,2,9479.51,10.0
4586,1837,28,2,51188.01,10.0
4587,1837,67,2,44330.85,15.0
4588,1837,30,2,29540.77,20.0
4589,1838,58,2,33801.25,20.0
4590,1838,33,1,29766.53,20.0
4591,1838,5,1,55145.14,20.0
4592,1838,34,3,1627.35,10.0
4593,1839,73,3,1218.25,10.0
4594,1840,60,1,6814.56,5.0
4595,1840,48,4,55719.32,15.0
4596,1841,3,4,4965.67,15.0
4597,1841,51,1,9186.86,15.0
4598,1842,57,1,28954.69,5.0
4599,1842,86,2,19658.07,20.0
4600,1843,80,2,49525.87,20.0
4601,1843,63,4,17704.09,0.0
4602,1843,57,4,28954.69,10.0
4603,1843,6,4,23477.27,15.0
4604,1844,73,4,1218.25,20.0
4605,1844,86,1,19658.07,10.0
4606,1844,68,3,50546.01,15.0
4607,1845,53,3,29550.3,5.0
4608,1845,84,4,48821.23,10.0
4609,1845,71,3,48097.15,15.0
4610,1846,55,4,26946.51,15.0
4611,1847,84,1,48821.23,5.0
4612,1848,54,4,14466.19,10.0
4613,1848,56,3,51601.9,20.0
4614,1848,97,4,48283.78,10.0
4615,1848,60,2,6814.56,0.0
4616,1849,49,3,6186.77,20.0
4617,1850,82,1,60550.55,20.0
4618,1850,57,3,28954.69,0.0
4619,1851,21,4,20716.8,15.0
4620,1851,33,4,29766.53,20.0
4621,1852,6,2,23477.27,15.0
4622,1852,16,2,20180.87,20.0
4623,1853,78,1,27415.0,5.0
4624,1853,89,1,8490.11,20.0
4625,1853,25,1,24414.21,10.0
4626,1854,53,2,29550.3,15.0
4627,1854,63,1,17704.09,20.0
4628,1854,92,1,51582.74,0.0
4629,1855,14,1,18638.1,15.0
4630,1855,12,3,18914.62,10.0
4631,1855,96,4,36347.49,0.0
4632,1855,74,4,14704.14,5.0
4633,1856,32,1,47773.55,15.0
4634,1856,33,4,29766.53,15.0
4635,1856,30,4,29540.77,0.0
4636,1857,54,2,14466.19,20.0
4637,1857,43,1,19550.36,20.0
4638,1858,43,3,19550.36,20.0
4639,1859,74,4,14704.14,20.0
4640,1859,33,3,29766.53,5.0
4641,1859,2,2,37058.41,15.0
4642,1859,86,3,19658.07,5.0
4643,1860,47,3,23051.77,20.0
4644,1860,20,3,8509.0,10.0
4645,1861,96,2,36347.49,0.0
4646,1861,63,1,17704.09,0.0
4647,1862,94,2,21142.54,15.0
4648,1862,81,3,46748.32,10.0
4649,1862,24,1,61484.98,10.0
4650,1863,5,1,55145.14,15.0
4651,1863,1,1,61223.09,5.0
4652,1864,69,4,9404.11,0.0
4653,1864,55,4,26946.51,10.0
4654,1864,2,3,37058.41,10.0
4655,1864,5,3,55145.14,20.0
4656,1865,28,2,51188.01,15.0
4657,1865,50,4,15587.26,15.0
4658,1865,61,4,32317.12,20.0
4659,1865,53,1,29550.3,20.0
4660,1866,63,3,17704.09,20.0
4661,1866,21,4,20716.8,20.0
4662,1867,11,4,14798.13,15.0
4663,1867,100,4,47242.23,15.0
4664,1867,87,3,9968.06,0.0
4665,1868,96,3,36347.49,15.0
4666,1868,43,1,19550.36,15.0
4667,1868,62,4,49282.11,10.0
4668,1868,66,4,2891.58,0.0
4669,1869,36,2,29220.56,5.0
4670,1869,56,1,51601.9,5.0
4671,1870,50,2,15587.26,10.0
4672,1870,88,2,9404.09,20.0
4673,1871,43,2,19550.36,0.0
4674,1871,7,1,35676.25,5.0
4675,1872,10,2,36772.23,15.0
4676,1872,12,3,18914.62,5.0
4677,1872,56,2,51601.9,20.0
4678,1872,50,3,15587.26,10.0
4679,1873,81,3,46748.32,0.0
4680,1873,26,3,44612.14,0.0
4681,1873,98,1,8416.8,20.0
4682,1873,22,1,17067.94,10.0
4683,1874,93,4,35451.03,15.0
4684,1874,29,3,4861.83,10.0
4685,1874,44,1,49431.27,10.0
4686,1874,9,4,6781.71,15.0
4687,1875,84,1,48821.23,5.0
4688,1875,97,2,48283.78,0.0
4689,1875,34,4,1627.35,20.0
4690,1875,38,4,45556.45,0.0
4691,1876,24,4,61484.98,0.0
4692,1876,7,3,35676.25,0.0
4693,1877,7,4,35676.25,5.0
4694,1877,13,4,10699.88,10.0
4695,1877,42,1,17365.38,15.0
4696,1877,43,3,19550.36,5.0
4697,1878,39,4,60636.43,5.0
4698,1878,43,3,19550.36,0.0
4699,1878,15,2,38780.21,20.0
4700,1879,86,3,19658.07,10.0
4701,1879,6,4,23477.27,0.0
4702,1879,27,1,4568.95,20.0
4703,1879,95,3,7395.63,15.0
4704,1880,52,2,11464.42,10.0
4705,1880,97,3,48283.78,0.0
4706,1880,15,4,38780.21,0.0
4707,1881,97,2,48283.78,10.0
4708,1882,26,1,44612.14,20.0
4709,1882,51,1,9186.86,20.0
4710,1883,64,4,47322.35,20.0
4711,1883,91,3,19216.8,0.0
4712,1883,86,1,19658.07,0.0
4713,1883,90,3,9479.51,10.0
4714,1884,17,4,51126.99,10.0
4715,1884,61,4,32317.12,10.0
4716,1884,28,4,51188.01,15.0
4717,1884,14,3,18638.1,0.0
4718,1885,77,4,15588.88,5.0
4719,1885,5,4,55145.14,0.0
4720,1885,35,3,40574.09,15.0
4721,1885,64,3,47322.35,10.0
4722,1886,44,4,49431.27,5.0
4723,1886,59,3,2005.93,15.0
4724,1886,90,3,9479.51,0.0
4725,1887,41,4,7195.64,20.0
4726,1887,27,2,4568.95,15.0
4727,1887,71,1,48097.15,20.0
4728,1887,19,1,5338.31,20.0
4729,1888,63,1,17704.09,5.0
4730,1888,67,1,44330.85,0.0
4731,1888,31,1,41426.86,0.0
4732,1888,81,4,46748.32,15.0
4733,1889,60,3,6814.56,10.0
4734,1889,98,2,8416.8,5.0
4735,1889,9,1,6781.71,20.0
4736,1889,80,3,49525.87,10.0
4737,1890,25,4,24414.21,10.0
4738,1890,40,3,48648.82,0.0
4739,1890,95,2,7395.63,0.0
4740,1891,39,2,60636.43,20.0
4741,1891,96,1,36347.49,20.0
4742,1891,70,2,1424.63,0.0
4743,1891,26,4,44612.14,15.0
4744,1892,15,2,38780.21,5.0
4745,1892,91,4,19216.8,15.0
4746,1892,70,1,1424.63,0.0
4747,1892,74,4,14704.14,0.0
4748,1893,62,4,49282.11,5.0
4749,1894,100,1,47242.23,15.0
4750,1894,60,4,6814.56,15.0
4751,1894,69,1,9404.11,20.0
4752,1895,8,2,22821.11,15.0
4753,1895,54,3,14466.19,5.0
4754,1896,26,2,44612.14,5.0
4755,1896,12,4,18914.62,15.0
4756,1896,27,4,4568.95,15.0
4757,1897,64,2,47322.35,0.0
4758,1897,40,3,48648.82,5.0
4759,1897,25,3,24414.21,5.0
4760,1897,5,4,55145.14,20.0
4761,1898,33,4,29766.53,0.0
4762,1899,43,1,19550.36,15.0
4763,1899,4,3,13786.06,10.0
4764,1899,14,2,18638.1,20.0
4765,1900,5,1,55145.14,20.0
4766,1900,68,3,50546.01,5.0
4767,1900,47,1,23051.77,10.0
4768,1900,79,2,59063.2,15.0
4769,1901,17,4,51126.99,5.0
4770,1901,40,4,48648.82,0.0
4771,1902,70,4,1424.63,5.0
4772,1902,5,2,55145.14,15.0
4773,1902,75,1,40520.0,20.0
4774,1902,50,1,15587.26,5.0
4775,1903,5,3,55145.14,20.0
4776,1903,92,1,51582.74,10.0
4777,1903,47,4,23051.77,20.0
4778,1904,63,4,17704.09,15.0
4779,1905,76,4,22659.67,20.0
4780,1905,7,2,35676.25,20.0
4781,1905,45,1,13140.29,20.0
4782,1906,65,3,25655.99,15.0
4783,1907,30,3,29540.77,0.0
4784,1907,54,2,14466.19,15.0
4785,1907,13,4,10699.88,5.0
4786,1907,61,2,32317.12,5.0
4787,1908,81,3,46748.32,15.0
4788,1908,53,3,29550.3,20.0
4789,1908,19,3,5338.31,20.0
4790,1909,65,1,25655.99,5.0
4791,1909,22,2,17067.94,0.0
4792,1910,58,1,33801.25,15.0
4793,1910,20,2,8509.0,5.0
4794,1910,29,3,4861.83,20.0
4795,1911,94,2,21142.54,20.0
4796,1911,82,4,60550.55,15.0
4797,1911,78,3,27415.0,20.0
4798,1912,7,4,35676.25,10.0
4799,1913,52,2,11464.42,0.0
4800,1913,4,4,13786.06,5.0
4801,1913,50,3,15587.26,0.0
4802,1914,43,4,19550.36,20.0
4803,1915,69,2,9404.11,20.0
4804,1915,61,2,32317.12,0.0
4805,1915,68,3,50546.01,5.0
4806,1916,51,1,9186.86,15.0
4807,1916,69,2,9404.11,15.0
4808,1916,93,1,35451.03,10.0
4809,1917,67,1,44330.85,0.0
4810,1918,27,4,4568.95,20.0
4811,1919,98,3,8416.8,5.0
4812,1920,15,2,38780.21,15.0
4813,1920,23,4,30218.35,0.0
4814,1920,24,3,61484.98,0.0
4815,1920,18,4,39067.76,5.0
4816,1921,76,2,22659.67,15.0
4817,1921,33,2,29766.53,5.0
4818,1921,100,2,47242.23,15.0
4819,1921,32,1,47773.55,5.0
4820,1922,13,3,10699.88,20.0
4821,1922,64,2,47322.35,20.0
4822,1923,25,1,24414.21,15.0
4823,1923,92,3,51582.74,0.0
4824,1923,76,4,22659.67,5.0
4825,1924,52,4,11464.42,20.0
4826,1924,59,2,2005.93,10.0
4827,1924,75,1,40520.0,20.0
4828,1925,85,2,29027.72,15.0
4829,1925,73,3,1218.25,20.0
4830,1925,80,4,49525.87,0.0
4831,1925,87,2,9968.06,5.0
4832,1926,34,2,1627.35,0.0
4833,1926,29,2,4861.83,5.0
4834,1926,97,3,48283.78,15.0
4835,1927,15,4,38780.21,10.0
4836,1927,50,1,15587.26,20.0
4837,1927,40,2,48648.82,15.0
4838,1928,96,1,36347.49,15.0
4839,1928,12,3,18914.62,10.0
4840,1928,19,3,5338.31,5.0
4841,1928,65,4,25655.99,0.0
4842,1929,92,4,51582.74,15.0
4843,1929,81,3,46748.32,10.0
4844,1929,68,1,50546.01,5.0
4845,1929,82,2,60550.55,20.0
4846,1930,63,1,17704.09,0.0
4847,1930,46,1,39469.51,20.0
4848,1930,11,1,14798.13,5.0
4849,1930,72,2,3049.09,20.0
4850,1931,89,2,8490.11,10.0
4851,1931,99,3,9112.95,0.0
4852,1932,83,4,26329.7,20.0
4853,1932,61,4,32317.12,5.0
4854,1932,87,2,9968.06,5.0
4855,1932,43,4,19550.36,5.0
4856,1933,64,1,47322.35,10.0
4857,1933,48,1,55719.32,0.0
4858,1933,36,3,29220.56,10.0
4859,1934,6,4,23477.27,0.0
4860,1934,95,1,7395.63,5.0
4861,1935,46,3,39469.51,0.0
4862,1936,32,3,47773.55,20.0
4863,1936,54,2,14466.19,0.0
4864,1937,99,3,9112.95,20.0
4865,1937,47,2,23051.77,15.0
4866,1937,72,3,3049.09,20.0
4867,1937,56,2,51601.9,15.0
4868,1938,40,4,48648.82,5.0
4869,1938,38,4,45556.45,10.0
4870,1939,77,1,15588.88,20.0
4871,1940,49,4,6186.77,15.0
4872,1940,91,2,19216.8,5.0
4873,1941,25,4,24414.21,10.0
4874,1941,70,1,1424.63,10.0
4875,1941,30,3,29540.77,20.0
4876,1941,76,1,22659.67,15.0
4877,1942,2,3,37058.41,0.0
4878,1942,58,4,33801.25,5.0
4879,1942,10,2,36772.23,5.0
4880,1943,53,4,29550.3,0.0
4881,1943,65,4,25655.99,15.0
4882,1944,71,1,48097.15,15.0
4883,1944,91,3,19216.8,0.0
4884,1945,96,4,36347.49,5.0
4885,1945,53,3,29550.3,20.0
4886,1945,75,4,40520.0,5.0
4887,1946,73,4,1218.25,15.0
4888,1947,17,3,51126.99,15.0
4889,1948,42,2,17365.38,15.0
4890,1948,12,4,18914.62,5.0
4891,1948,52,4,11464.42,0.0
4892,1948,79,4,59063.2,15.0
4893,1949,68,2,50546.01,5.0
4894,1950,75,4,40520.0,10.0
4895,1951,44,4,49431.27,15.0
4896,1951,56,2,51601.9,10.0
4897,1951,34,3,1627.35,20.0
4898,1951,78,4,27415.0,20.0
4899,1952,35,3,40574.09,0.0
4900,1952,37,1,4157.84,5.0
4901,1952,47,3,23051.77,5.0
4902,1952,43,3,19550.36,20.0
4903,1953,92,1,51582.74,5.0
4904,1953,52,4,11464.42,20.0
4905,1954,6,4,23477.27,10.0
4906,1954,4,1,13786.06,10.0
4907,1954,43,2,19550.36,5.0
4908,1955,90,4,9479.51,10.0
4909,1955,21,3,20716.8,0.0
4910,1955,81,4,46748.32,5.0
4911,1956,71,1,48097.15,5.0
4912,1956,28,4,51188.01,20.0
4913,1956,93,4,35451.03,0.0
4914,1957,37,2,4157.84,20.0
4915,1957,76,4,22659.67,0.0
4916,1958,54,3,14466.19,0.0
4917,1958,83,1,26329.7,10.0
4918,1958,69,2,9404.11,20.0
4919,1958,62,1,49282.11,20.0
4920,1959,50,2,15587.26,10.0
4921,1960,77,1,15588.88,15.0
4922,1961,85,3,29027.72,15.0
4923,1961,88,4,9404.09,10.0
4924,1961,97,2,48283.78,0.0
4925,1962,83,4,26329.7,15.0
4926,1963,6,3,23477.27,5.0
4927,1963,5,1,55145.14,0.0
4928,1964,60,2,6814.56,0.0
4929,1964,33,4,29766.53,10.0
4930,1964,74,2,14704.14,0.0
4931,1965,27,1,4568.95,0.0
4932,1965,90,2,9479.51,10.0
4933,1965,48,3,55719.32,15.0
4934,1965,62,1,49282.11,20.0
4935,1966,22,4,17067.94,0.0
4936,1966,52,2,11464.42,10.0
4937,1967,99,2,9112.95,15.0
4938,1967,91,4,19216.8,20.0
4939,1967,38,1,45556.45,0.0
4940,1968,44,4,49431.27,10.0
4941,1968,7,4,35676.25,10.0
4942,1969,86,3,19658.07,5.0
4943,1969,24,1,61484.98,10.0
4944,1969,10,2,36772.23,5.0
4945,1970,5,4,55145.14,5.0
4946,1970,39,2,60636.43,15.0
4947,1970,14,3,18638.1,0.0
4948,1970,52,1,11464.42,0.0
4949,1971,44,4,49431.27,10.0
4950,1971,94,1,21142.54,15.0
4951,1971,98,4,8416.8,15.0
4952,1971,21,4,20716.8,5.0
4953,1972,85,4,29027.72,15.0
4954,1972,61,1,32317.12,5.0
4955,1973,48,1,55719.32,5.0
4956,1973,66,4,2891.58,0.0
4957,1973,63,3,17704.09,0.0
4958,1973,24,3,61484.98,0.0
4959,1974,44,1,49431.27,5.0
4960,1974,1,3,61223.09,10.0
4961,1974,69,3,9404.11,20.0
4962,1975,87,1,9968.06,10.0
4963,1975,98,1,8416.8,15.0
4964,1976,66,1,2891.58,0.0
4965,1976,92,3,51582.74,15.0
4966,1977,2,3,37058.41,0.0
4967,1977,32,1,47773.55,0.0
4968,1978,3,2,4965.67,20.0
4969,1978,40,3,48648.82,10.0
4970,1978,76,4,22659.67,20.0
4971,1978,69,2,9404.11,5.0
4972,1979,39,2,60636.43,20.0
4973,1979,17,1,51126.99,0.0
4974,1979,85,1,29027.72,0.0
4975,1980,33,1,29766.53,0.0
4976,1980,4,4,13786.06,5.0
4977,1980,60,4,6814.56,5.0
4978,1980,61,4,32317.12,15.0
4979,1981,31,4,41426.86,15.0
4980,1981,11,3,14798.13,5.0
4981,1981,64,2,47322.35,10.0
4982,1982,62,2,49282.11,10.0
4983,1983,4,1,13786.06,5.0
4984,1983,93,2,35451.03,20.0
4985,1983,23,3,30218.35,10.0
4986,1984,18,1,39067.76,0.0
4987,1984,77,1,15588.88,15.0
4988,1984,46,2,39469.51,10.0
4989,1984,87,4,9968.06,20.0
4990,1985,42,1,17365.38,0.0
4991,1985,45,3,13140.29,20.0
4992,1985,65,2,25655.99,0.0
4993,1986,3,4,4965.67,0.0
4994,1986,53,4,29550.3,15.0
4995,1986,89,1,8490.11,5.0
4996,1987,57,1,28954.69,20.0
4997,1988,65,4,25655.99,0.0
4998,1989,10,2,36772.23,0.0
4999,1989,79,2,59063.2,10.0
5000,1990,10,1,36772.23,15.0
5001,1990,81,3,46748.32,15.0
5002,1991,46,1,39469.51,5.0
5003,1992,8,2,22821.11,20.0
5004,1992,88,3,9404.09,5.0
5005,1992,37,1,4157.84,5.0
5006,1992,71,2,48097.15,0.0
5007,1993,34,4,1627.35,15.0
5008,1993,53,1,29550.3,5.0
5009,1993,6,3,23477.27,15.0
5010,1993,97,2,48283.78,20.0
5011,1994,75,2,40520.0,15.0
5012,1995,81,2,46748.32,15.0
5013,1995,43,4,19550.36,5.0
5014,1995,85,3,29027.72,10.0
5015,1996,90,2,9479.51,15.0
5016,1997,3,2,4965.67,20.0
5017,1997,46,4,39469.51,15.0
5018,1998,71,4,48097.15,10.0
5019,1998,82,1,60550.55,20.0
5020,1998,84,3,48821.23,20.0
5021,1998,72,1,3049.09,0.0
5022,1999,35,1,40574.09,20.0
5023,1999,52,1,11464.42,10.0
5024,1999,18,4,39067.76,0.0
5025,2000,24,1,61484.98,5.0
5026,2000,30,3,29540.77,20.0
5027,2000,85,3,29027.72,10.0
5028,2000,73,4,1218.25,0.0
